month,humidity,wind_speed,pressure,cloud_cover,is_rain,temperature
7,77.83201511478309,20.078366711973597,1003.755027907444,72.73429795090664,0,16.164157135090303
4,59.38037354128841,1.177611735044157,1016.3016684119297,32.147967668813216,0,7.678104030472467
11,62.609494937543545,8.718581281675416,1027.567099500618,78.41031270630381,0,-3.8596716282668417
8,73.61807920863642,3.6729361731009185,1016.1181418347726,41.52438336965541,0,18.332257099448547
5,59.86814165544966,2.3377340177287773,1004.5257030788206,60.42914122420328,0,12.826118678672115
7,66.77116797971247,0.652689430056336,1018.3880621175196,93.29544613308518,1,15.170641194549622
10,72.23777430733635,6.649676122293348,1012.5139310512718,43.21813305228618,0,3.8964048922701084
3,68.5013389037824,1.3450055931421092,1017.4861310331817,20.02324214709936,0,-0.05170626081182084
7,64.28970249282426,2.32147578310053,1009.4519264981578,52.632880139146366,0,21.251714207772363
11,86.74669253062585,0.3229178208792663,1009.2170472573879,57.66294257425132,0,-2.55364048336185
11,78.62955897014784,8.081479771168276,1008.8222020256821,94.93400274975583,0,-10.003744651939364
8,58.7135524615075,7.27476195704014,1022.4223815149736,7.119782502822155,1,15.771261699084526
5,46.354605747773206,6.614078820811086,1009.3177472475891,64.9788091897615,0,11.347156285104887
4,69.57935474756466,1.7794013738017445,1008.4026926862578,56.29774755431496,1,0.361650571383588
8,63.23790972283508,0.9526562672026524,1003.5793409843764,11.27190373867671,0,21.295725627611006
8,85.6349349478325,5.074388759766137,1017.5401380171677,82.01389963351404,0,11.091919421853852
3,74.81239508551084,3.4275459631175997,1016.1170180213122,54.58765879381937,0,-1.9528275753372626
6,71.46306582002862,0.9816103422793634,1008.5123177551137,30.00572159234729,0,21.06896419324304
5,60.19427306931142,5.7903987835836,1005.9062129244214,60.47713724097977,0,11.240084737562146
2,46.86451887499136,23.623391443069693,1031.761734132277,55.92405970691762,1,-14.259919650938517
8,57.03055546948027,6.8761705143410214,994.1955694487516,54.40019483625622,1,17.44282041774832
12,67.15242141486165,6.735106452178979,1017.9317200320172,23.00897627647868,1,-12.011236413728824
6,34.05629860486282,15.010034885037726,1025.91403548216,64.56452505542447,1,15.411895641754874
2,78.62570939478516,1.1341038172392288,979.131862385117,8.62025715111801,1,-10.565360947542429
12,91.00566002627069,4.1683716747723505,1020.9414006007618,59.34928828850185,0,-12.748528864943605
5,30.825910644438757,19.472564783622484,1010.7974539850392,39.449154321699574,0,11.51674925500153
1,38.996766734796964,0.9033792244258932,1015.5605486428326,67.81470160517632,0,-9.269540165226042
12,63.4449369634971,6.024065110125285,1009.7676203547791,22.075086512863106,0,-11.407054551789923
10,51.26128626547599,4.407154128328381,1023.7539344564608,94.92610981767254,1,4.323264782240379
6,63.9135965074751,4.41523601385278,1016.6311934167136,67.89079778337587,0,15.972872150019436
12,58.92488945163844,5.981191092846788,1014.3171988953432,28.030724209038137,0,-6.978769613377757
9,44.642722207664185,13.26901213235672,1004.0113939304141,58.034814341394906,1,12.263155656961626
1,79.32609510267734,7.629666171922588,1031.8229223383419,14.958895259863777,0,-10.822254541522412
11,66.96774907864274,0.2888665028943468,1013.0993101973327,52.83905381485656,0,0.05326555883082307
11,51.60387037907592,9.577370983985423,1035.8980579746046,42.43549247205513,1,-7.452801742094595
10,82.57537671991231,1.2779549195674746,1032.2756938517819,34.63974207515196,1,5.0329047484607905
12,52.37391067659371,2.365354961879557,995.2164903273462,94.70513087642976,0,-10.219360307778235
12,41.372392249417,3.097001065632197,1006.450540391973,55.20565299870582,1,-10.345864255420866
3,62.752677346316034,3.278351480665343,1002.6304899402505,22.355009089222598,1,-6.665895056905645
12,65.29736434833998,2.8562444476863784,1012.5179391851294,61.11775017810452,1,-10.113540342934693
7,67.9787533832827,13.851220901406563,1014.8716402048616,36.30631055437296,1,16.966051058511983
4,70.44526689978731,6.121200828259658,1015.2992646789343,54.88874442612084,0,5.094465633783432
9,67.74187092866536,4.987105985371028,1023.5412867601898,24.415006464878527,0,9.30903680791161
3,67.1324046217376,0.255635108336767,1027.9358276930886,92.4076554972104,0,-3.2287409786062558
5,51.39369299537753,11.712523425070883,1022.6748774923864,27.297269190357675,0,12.399359775675903
3,49.7888358814417,12.005964079072463,1007.3906478577626,35.079619402320404,0,-2.101292729959586
7,71.13547374388678,7.575483360184072,1005.1797613489256,50.16017367116523,0,17.034271630518372
5,63.65184766049831,0.035270125254132485,1013.0276183588394,70.07839452363739,0,7.196841927349943
9,72.30368609229383,0.2949311574057507,1017.2611952640466,42.79576786144761,0,13.869690330786566
7,34.39084266558602,1.2759046969202081,1011.1680865428287,26.83910691182982,0,21.96508271931931
2,52.488204263736094,0.7040715764599099,999.5451516374778,58.42648331587935,1,-8.678820906051927
4,88.60528352865833,2.5444377627304626,1019.820595085768,17.486682678721625,0,4.210621815364327
9,68.2879972852116,12.795332254404348,1009.076852312661,78.9991267041797,0,9.704027331533704
12,64.43325676468729,3.193867302666047,1008.7748726557795,59.16544190703702,0,-7.06703947748234
2,70.61886550454511,0.06746626145203335,1012.4538732594191,82.39958773313545,0,-12.709926100551472
10,93.12675788799271,1.661624072445169,1010.6010108291983,25.18001554505256,1,4.585957160654348
9,89.97074313430542,0.22809924363006398,1009.3349894448789,33.51050640243926,0,11.659543022247123
10,36.3071886403111,0.18481196298925107,1000.1987469306681,41.94562036707523,0,10.399483162712976
5,41.842482613959476,1.6128850910073096,1011.8775253304834,38.68622709263291,0,13.028250700941538
2,35.79884016673812,1.6121429304084907,1020.0295379190687,4.906434453190437,0,-6.753731068337097
4,48.79338166589606,7.735288341984364,1015.6464400512128,40.22040324896749,0,4.457053534233209
12,60.823789479783855,18.411436705791186,1022.4812143910065,59.05044600538471,0,-10.675021458031992
12,63.63022716101695,2.319766597812275,1005.7145497767999,19.41477369091072,0,-7.621285043969289
7,37.04281885219121,2.8008398918566053,1000.2194152088219,82.44452842235032,1,19.51499349742322
12,31.98972260446336,9.314863041909797,1010.5415002102201,81.96450552265304,0,-9.636856775374799
8,48.52812919566824,1.5608235061041662,1006.8576338145131,26.300336575094118,0,19.655431558241457
3,73.74256898406931,0.8502763081208464,1007.8966501679225,22.573848215347468,0,2.540773737442899
1,76.35544367540469,9.589662805768498,1015.1174971808113,40.164146873820464,0,-11.268445367689662
4,85.58737289006528,0.23808234490624955,1007.9691946089534,34.1295025544529,0,5.624738371554781
2,59.51504623612329,4.833966960258386,1000.499315107936,37.35854706072402,0,-10.748809448982819
8,72.42230235585158,4.127600193772821,1007.41005272118,86.11889416408437,1,16.780553067563304
4,75.1484244157449,2.1226314750840274,1016.400593668608,89.48914862370536,0,5.198296322759161
2,52.54711450991068,1.893065760679076,1019.7148060100692,45.68375857769699,1,-10.93005703051382
6,65.817673222957,7.388929183321862,1019.6142278408335,70.0886084918993,0,18.08022061612418
6,69.8805768856463,0.4519468933421795,1017.2447309424791,48.93179296186521,1,16.51271688079033
10,46.36263574372314,1.3510729999051092,1011.3190653403476,75.20520074850879,0,5.28194808078375
4,84.63144256661165,6.592220371649164,1017.0491409895913,44.13769654722941,1,3.6267813736808754
6,59.417815759199605,3.9739130341143483,1012.5766434180176,71.86228786274853,0,16.05270901159946
2,61.30552842220009,0.684761664203572,1014.1309613782024,59.044982442386065,1,-11.431288622912628
10,45.78987930086814,10.691102945072824,1003.6067326213406,57.974729324136455,1,2.436035554465135
12,48.308607061837,2.4998228173415344,1013.4387496376072,48.257401121152554,0,-6.305815370638193
2,27.052280987519865,8.797479175379111,1016.7866623425141,9.85881763902813,0,-4.5413569438518495
10,60.82733814627918,7.749081096976928,1016.4112731343971,83.54468151883879,1,0.5323450615443418
4,97.58533814462959,4.896491414014264,1000.124809739407,27.443957806758227,0,1.8760776477934815
8,44.720708278432696,3.4108495720169425,1013.9626077640338,32.341077717329334,0,24.13982667757086
7,100.0,19.44906745900083,998.5611042253609,77.63260221006189,1,9.896797235312835
12,81.2137689391862,0.7830647993099954,1014.7367664613853,70.20332477672456,0,-9.23828128953827
9,52.89616828534337,6.457753118589151,1005.9866280839728,67.23871300123663,0,13.246158059393675
8,60.40897057228318,1.0609605731835303,1030.0564294252545,52.262228969923164,0,20.150990185988597
5,57.97349538127594,2.0644362106222287,1014.1924332929589,28.45480892021618,1,10.176624697850656
2,85.59245960096567,1.8458978912954638,1021.0116401982392,48.66872642592515,0,-13.009313600631902
5,67.75523595176941,14.690713050012787,1034.1087263702427,48.61036288404702,0,8.11307983155736
8,77.72961072932722,17.110498268336208,1004.8259818891128,72.48218889166253,0,15.393460582528615
10,65.37257768042022,1.010675439464433,1017.3567491090591,77.98034428682466,1,3.377683680290658
9,58.32041219108074,0.11140780409011192,1001.1408899076715,51.05397384090173,0,14.607505534023616
12,64.89635047606072,6.364971946538313,1016.4489700824992,32.25038407454408,0,-7.121355721614832
12,53.89583649191878,2.706337678225438,1030.657092664504,51.33335291911775,0,-5.439414392510198
12,38.21693934793653,0.46518517476571764,1006.721167855582,81.51565088739082,1,-10.865934833439495
9,72.20532863934976,5.756176105432347,1004.140456867054,67.72111419671543,1,6.488259792248298
1,37.482533274853694,3.9384490858723042,1012.0882576648144,31.413612653433287,0,-7.84502952328892
9,55.96748734807237,19.691019262234477,1033.4581728808828,75.44891955583918,0,5.993741356720285
7,53.40203568576874,1.2900305980581885,1020.7103891995325,42.4312231597162,1,16.12291691834778
9,69.65030896581105,2.587387461741288,1003.9508534794398,57.313834393025864,0,14.409494777795896
8,83.47056877400294,3.910392579949402,1027.5506058248177,30.965046567067212,0,17.315530222719808
1,78.07455970951122,7.843879376412155,996.4493700766682,58.24797585634008,1,-13.831944239891385
12,70.08637528342639,3.979651289116854,1034.3655912880272,52.87212715092865,1,-11.20555772551904
8,50.551925315688266,4.745363184775967,1021.5645068001515,21.856847058213035,0,18.474438586628217
8,57.247962696053044,1.2818670628846107,1030.635574400067,52.184755698970505,0,20.387836641069693
11,55.06089439416273,9.383931548284787,996.5220189161596,35.22708528209622,0,-5.886315776542742
3,52.94577829905835,2.798596252429102,1014.6944183085968,60.54497301371497,0,-5.66929288442296
1,53.963233370597436,0.7596967935486664,1011.6611107343429,44.81266534657508,1,-13.040466239499532
8,53.56292947398614,5.456017724148689,1002.9302052655336,45.0803190332168,1,16.648340657410262
3,52.89860710949256,1.21730819624334,1000.0397637974861,10.056123135071884,1,1.1798165150318018
3,74.27824527042831,0.5132792729848477,1018.0708125875955,22.466127083497415,0,-0.353800199364672
1,44.18044666700862,9.902033658443894,1018.9773170811362,78.87928723520136,0,-10.490468595269782
11,49.057888465442545,3.0824333718666397,1025.9997404672574,64.75146952873693,0,-2.931653855421765
5,36.24889918440732,6.917166543098714,1007.9657894667317,35.80248238329522,0,10.665671643334534
10,81.23224203766273,1.7165910028876676,1011.5839018984419,22.210810918032685,1,3.987046980203841
7,48.05245562013619,7.731614557236492,999.1754007505391,34.63446944879121,0,24.34044634074164
10,69.9116284758321,0.5935569216896331,1028.4078581199474,29.631535654991232,0,4.708488648804726
9,67.1297829031846,2.200076043467087,1013.6954808775724,52.428637774557465,0,10.995380165851321
12,79.78257931636156,19.097633443567787,1020.225885016201,29.358807646823742,1,-14.294805033807531
7,56.84974952437359,7.899145954474425,1020.5790539611102,14.563877344587805,1,19.18868821031144
9,45.786903190711314,3.438370230758412,1027.5910715730197,46.59393476042135,1,11.05680169054359
8,36.66375036192557,2.075891682443007,1004.6860053273255,49.89528636658079,0,21.231464726867213
12,18.230465328268494,10.283928669257191,1019.9758660034718,44.325286174089754,0,-7.494867710823218
2,62.42029838818354,3.935616602885518,1012.7499129369096,8.455731838731557,0,-7.62921276994456
1,71.63208858733371,7.10287684532987,1034.0567706634063,57.97502360039687,0,-11.704553959804198
7,67.07532157796761,7.014307818708615,1004.6563582100398,44.216646048879156,0,18.00444145803137
7,37.053535452407885,0.09054327508789524,1024.7142634776387,68.0434027013043,0,24.3351571046594
8,75.58239217667894,0.6748265740993522,1016.5034177922839,37.09971871426935,0,19.539465012072235
5,49.526759575269715,5.388600781296175,1015.9785609420602,2.2149911068477763,0,11.620523738119315
3,46.39644758787369,0.8814179778398228,1013.5402072604749,69.06496882394919,0,-3.5703775279578984
12,49.190516470452245,1.4751674377514261,1026.4666582283678,24.315874283876365,0,-5.613075750590913
8,61.17613383759115,14.6532776926107,1015.6385170107393,11.644664310898696,0,16.96544364881596
6,37.72947642724392,4.106974307317302,997.7558466187902,62.87775529580121,0,19.306086201387235
11,59.444461294213234,6.946083274306854,1025.1950356871225,68.50515504177888,0,-4.544750025800136
3,66.44172368075505,4.082009102195324,1023.3620183213172,25.14993377325477,0,-1.6898803110499385
1,76.60985844365422,4.020545829127623,1018.8713768421285,66.81513816345557,1,-14.093695506761888
3,62.63934985831866,0.494418291089827,1001.7152637025246,82.39717997168799,1,-3.850312737515849
5,39.90557252709313,2.1054059794763575,1003.2688463977868,61.52728104551021,0,14.978501280930825
3,62.23335341478335,1.6594301376743361,994.2255711476389,60.00072302502048,0,0.8453938612988932
1,44.0961258908082,2.4774553862020903,1017.6032987317982,55.15850840310894,0,-10.476517084401982
5,43.23082265449574,8.005964684869157,999.5045115182563,52.11952916296574,1,10.421352561396198
10,39.55944594690031,2.3255395078417345,995.8124910713783,66.0261057038661,1,1.4819239867507572
7,31.33119480158964,3.0046344772151192,1025.7498911930004,11.89855939352325,0,25.873081592889974
7,51.492552480969074,2.5323538536356254,1020.6817956446284,38.17105548643137,0,16.66915811333123
11,76.93333114570362,0.4903136689021209,1009.6682833516908,96.69012003309382,0,-0.9130597820286188
9,93.84726023141313,2.908674493432519,1011.6595341674281,47.02560549837544,0,11.028882406025305
10,51.396222624898584,1.0883507452613432,988.9265579301606,17.18157492962864,0,8.015396174184026
10,76.29158290154483,1.033419388687295,1022.1674491905922,58.45348057426983,0,3.7104453886860616
12,54.08126522645107,0.4937791205107609,1006.0726853551132,14.636949250076356,0,-6.031561010569255
3,35.23896420827158,2.2054949066543905,1016.3029086313314,52.26885576196174,0,-0.16100183774093213
7,70.51413392169115,7.083394347476686,988.1143773820852,41.74529889998742,1,14.02967299613626
1,63.522211301933496,1.6178707131566594,1022.7756803216155,68.95805724271038,1,-14.068192505629431
4,87.27029411941673,1.8723699267944427,1005.4715523061427,32.22601036629348,0,2.7556853839412994
4,36.979822770258664,5.145542945793988,999.2395773621065,3.9516099320075853,0,8.173369994197547
5,100.0,1.089790175532886,1009.6039836551163,51.40818957202134,0,10.816449001438158
7,83.87575984782234,11.363089658262355,1007.0360478206452,67.8323336851412,0,17.85409478984689
7,59.73114639657219,3.671830886579494,1023.7426761290986,61.00542608165378,0,19.56361020618662
11,55.52043312302223,2.9674409013555865,1008.7960487763837,9.592068904004083,0,1.0439847925619645
4,49.26285196697074,4.080193370186784,1026.6261702661336,53.360855636197535,1,1.3669210711880002
7,61.64598958781689,0.9078151032734049,1016.3014261578908,36.79192575714625,0,20.682662763782744
11,57.24095766886532,4.75276957188264,1021.9436788721238,43.32939384621386,0,-0.5726303626436597
3,67.70693120370916,2.2557188909918695,1012.9783354677211,8.512121718707604,0,0.2272313967418642
6,55.58450008472541,11.374185323967643,1025.7205898233988,17.984028506984718,0,14.183097223159088
12,81.22445537244994,0.924750281436188,1001.4637600971732,40.75211568418226,0,-10.270614132114687
2,61.8756904674967,3.536748846343389,1014.1362445749432,3.437224772178328,1,-9.080938861483876
10,56.14774458111402,4.5579170108926315,1009.0356417056859,70.97967474178061,1,1.761252946916085
9,75.36429872669085,0.1697677743790245,1026.966284795073,1.749391657788866,0,13.235170606050703
5,35.66214554703372,2.2603716188331213,1027.9903440465941,44.17566458286019,0,15.232122180967693
6,65.114825284157,6.595706953815967,1013.0042125923712,53.671240145525836,1,15.384042955586482
12,60.3835700461415,8.584489470172212,1000.0848889890419,55.67687658877196,0,-8.44307972451363
12,38.83724204391326,1.8782840744066522,1017.2709731679166,37.754918387663274,1,-7.1847398516249505
12,34.372450806472386,8.012144474995681,996.3539026496624,9.459974912800764,0,-4.113961382175486
12,75.15517504412367,17.172097440556524,1029.2614279878312,17.150195078018253,0,-17.134318032111132
4,74.4418603552604,9.720147355824006,1008.2682992936396,87.1038258305872,0,1.0421438538056633
11,62.58837644451539,0.6257983143698169,1012.694298365825,52.268360078862884,0,-4.082450829301523
10,85.74986664682086,6.730185005921103,1006.1904892419325,88.52630435825304,1,0.797503022678202
7,66.61452272791904,1.9258632425305122,1003.9821841329918,53.85014368105464,0,18.924745310837157
12,78.74707979116823,22.29064764663232,1020.3729131654705,83.22281674696062,0,-13.878284107539438
9,66.3048688077678,3.3214283802668083,1011.4138332294868,68.48728157358228,0,13.201861924566066
7,55.86285651597012,0.6530149848688029,1013.4248253892317,27.485235706643905,1,18.037228720687462
1,44.137031228499865,6.458295645706075,1002.9610892078116,50.325215136970215,0,-9.081857583407112
1,50.948456176458556,1.9505027369876573,1021.5605922349704,24.071171938087062,1,-7.723214712741623
9,56.143165931291726,29.177703626837737,1022.5778973513686,26.55635037689235,0,9.532283439476892
11,80.44729653160059,19.506023141963155,1010.9107151312043,26.183037059329532,0,-9.33882958273659
9,71.54879337794495,5.337516423933524,1025.6792213333188,68.39781249600632,0,9.966044842217288
4,64.95478602363924,0.695313016321224,1011.9587584577548,31.019185956058603,0,6.415080018270932
9,73.05014861346112,5.805540450694644,1020.7975549628882,50.206007222449585,0,12.12982087570063
3,67.91075573538724,0.4882322092324689,996.7707241916991,34.727286409806695,0,-2.21511538131853
7,63.929064166602394,0.1490195807748474,1016.5343086648642,38.01145403538479,0,19.28313529917702
6,37.52010897739568,8.656854034257726,1010.2851853239307,74.72008853513961,0,17.331224308210388
8,77.08736359292516,1.1770482897906633,1014.55522425955,72.24057497209319,0,14.528512077018506
11,53.12232228710286,2.3823393975747873,1014.1068240565583,74.75654202724293,0,-0.6979482037295188
9,76.32810416433816,18.14501955945284,1014.2569982217699,83.90542739639186,1,9.249650041461711
5,77.77815437266335,2.05369873691718,1019.1570072936255,46.677217654657696,0,12.4662837953714
1,49.9494120966698,1.758364384970952,1007.3482636839402,27.96256337752982,1,-11.039862763890607
3,74.24574120893907,12.517879175275606,1018.6907925953565,60.31220812987911,0,-3.7572429914782854
10,54.585187811161525,0.5868755992458895,1025.3252488311791,24.863459488456417,0,7.70481517703282
12,54.674515085299134,7.126889548787613,998.8985899501968,43.36965514154116,0,-8.719627666250075
8,63.86209851873987,22.14163749278381,1005.1945990177068,45.00464588993422,0,14.079230136521158
11,64.2670888375431,11.57814957838039,1005.6146457449881,21.668297739784435,0,-4.750394882902723
6,60.57827273026338,5.272994988151549,1002.0795420054905,82.62103025905213,0,16.976016324613663
8,39.98567976666065,1.884831388109185,1008.2530223036295,47.137710494011124,0,19.892757310009284
9,58.17830040773491,1.4673069105372603,1023.3311851539984,72.91211142322761,0,10.343371243187622
4,94.1771809228261,8.553343305305534,1027.4758692451244,52.34518070299523,1,-2.4287531964505504
1,18.239936567969664,10.59390292956034,1014.0617496974651,76.77267605281689,1,-15.00722351391249
1,73.0461066034262,3.7267824986473643,1009.757639891518,29.28129323632353,0,-9.378184099596762
10,75.85687400034463,1.4008183052682008,1021.0292396908065,88.6774553343188,0,3.0831190458432234
4,39.624784210707716,0.5992313606411528,989.3603150574781,89.11113823261685,1,3.531225775498662
12,52.95841629885681,0.45607993538098013,1002.4482152789684,36.416786298136195,1,-7.681933908620402
7,44.98924263084983,6.3483813049782505,989.7836959330009,85.88872651152812,0,17.56660194207925
2,87.80948065967819,2.7246594979098075,1002.3430028264456,13.160299444308235,0,-10.247961499532996
3,76.54537900166673,11.788368654440093,1005.32982473098,35.1192707604063,1,-6.102953460465428
1,77.27138061697099,6.729051092279599,1027.7768187793768,0.47985897610926403,1,-15.976669313336394
5,61.80970838992193,1.0613915737590067,985.3893803384401,44.56339334070006,0,12.894577796893845
1,79.68137924624465,4.756707202575025,1008.8329739976566,17.87654608576514,0,-5.455473520197567
8,59.876451494068824,2.8591227889595388,1019.1956647217811,22.17025152360658,1,13.938638158422368
1,80.38736440815836,4.304868271732184,1017.1073066326909,40.24591237550515,1,-14.029350098534776
11,57.769553638316694,6.6983731978325,1027.617381335349,80.67057092585544,1,-10.686402683344514
1,49.81137124929841,8.204536629504611,1014.6105147859658,67.9244032036523,1,-13.668874396639017
2,87.16425399497915,9.281084413289904,1016.7427818048114,7.4629663502981325,0,-5.570482409248072
2,59.68726859002295,1.4649799957359153,994.6149316819744,52.625994148214296,1,-8.544984069920027
12,46.51800137636304,0.15804986184145098,1003.1173114182319,13.620519123411162,0,-6.786411518261942
6,46.355491537650416,6.7218238162574035,995.1729525655197,39.95289851761815,1,20.849017000335838
7,46.40131990471439,0.5621702950546942,1018.726081079141,7.432608646455637,0,18.74529484574003
5,72.66663526544053,1.8910952936163463,1016.4869045175725,8.94280659316804,1,12.058313209372248
1,58.517056844321765,0.01912218986623511,1016.1353796728351,42.12453344723543,0,-9.126295302877226
1,94.46938463995625,5.723325362246636,1004.1856639154192,46.35498451513576,0,-12.576546480030428
3,77.79267273486181,0.9144006326522691,1003.2705022068334,73.6551449129808,0,-1.9733952073419458
2,63.857071951409566,5.325148879928824,1015.0944693229642,7.886090541481261,0,-9.890695349577145
5,81.05846311797424,23.983237950314763,1006.3061394722887,76.39224506339133,1,5.117784380435477
12,52.56738995295775,0.37723364811799065,1002.7959543616777,82.8772544538651,1,-9.605117359358536
10,32.17821293761041,0.4010528402102445,1007.9161062874193,56.223972264390135,0,4.983812165169916
6,45.1562541363789,2.0804575391720626,1006.3925796396469,11.338222106181698,0,24.008469746969467
7,62.208117440544044,10.064020408706726,1004.3327702537155,49.63996876318206,1,16.197261051538405
4,56.661877917432896,1.2137339060016126,1000.742321832424,68.12596103829763,1,2.848233310741209
7,72.36623082386191,2.234388102955023,1017.4868976833891,51.6957023789532,1,15.238847462588039
11,58.13079327984796,0.3548244658654875,1028.5604943947706,10.217586461918035,1,-3.4219229411512138
8,71.22052088942587,7.2017529499405795,1012.6099579938135,48.35076985856526,1,19.21579138031191
11,82.51457445846435,2.623831244549219,1015.2243413696992,43.092520738395244,0,-3.9931811413220757
1,58.08456224083842,7.119954829249032,1018.3637785260171,36.142941384722754,1,-11.482379003926466
6,68.32717933066682,11.69665226784328,1016.6656575719312,80.23067131636728,0,16.655553809721965
8,33.67819739137149,1.324798604921592,1004.5308767168302,30.81880804438478,1,17.923525068265352
5,58.141590318891616,8.23559584463417,1030.198462111026,62.02981037987503,1,7.921757156944211
4,41.52062811380968,0.30455960645560487,1005.4268948632204,45.41035353220552,0,7.596735932240168
2,62.1784016569402,11.455624472243148,1019.4808836466041,59.33711756209634,0,-10.782673971625991
6,63.53999635015996,5.260101945403078,1018.3019130734291,63.93435203591441,0,16.07360188205942
6,63.49014536870692,10.36637195407601,993.4155845786536,51.41808883946813,0,18.47152482927784
11,52.7981611530556,0.000942086530038576,1009.4115358308708,67.83980360726115,0,-2.24236747362014
1,94.4770329260225,0.9261152323708928,1013.5662845181217,92.26003412237446,1,-12.261721730279492
9,40.979677325353975,2.4695097637333414,1014.3315121142429,22.78308279281128,0,14.0631380784302
12,40.06281259257726,2.3861717671870633,1016.0142051551677,50.833799750394846,0,-9.690445252153433
11,84.82467563604877,1.2856374904785541,1020.5766287293998,45.054929352978505,1,-12.353132440742804
6,49.435813041151604,2.4031954478595265,1012.9248463572923,65.05100561251005,1,12.411627325910565
3,45.82963968695355,0.6896981130459219,1016.5461756801794,54.804472903864166,0,-4.976400240204901
4,94.54367846584668,2.6616180355934844,1012.5504541322762,74.24423900187695,1,1.0552320785429317
12,74.78584075235345,8.106396963188763,1002.8266634324523,56.29113478911145,0,-11.77888518577267
11,51.08303177792667,3.260698621985991,1013.3240144136968,50.27192286726232,0,-6.169192039713656
4,63.262618585403416,0.09082030601625304,1020.4908984425307,47.64111670060384,0,4.977842162707974
3,89.18806927241526,2.736100034131895,1024.0878838247536,48.33823036707191,0,-6.342184192216081
10,70.374310214263,0.13775542813809138,1018.3731565754421,71.8218473399816,0,5.117813127798874
3,79.29222682659665,16.942898212015137,1026.343503259493,22.01094618367497,1,-6.903852139899311
3,72.07204768100708,0.6816992886399458,1017.1886474740897,94.40186391662307,1,-5.067598544392471
4,73.95380018930311,6.149673351870354,1021.6387982166884,86.19886462056094,0,-2.8029276373780383
7,60.59612543865641,18.01834101210615,1022.3739114927979,60.51027310889799,0,16.454557355282816
4,60.17022718464329,8.744622199111184,1010.7664945911627,65.47766145715374,0,3.080099665271614
9,64.0057557802268,6.008466607048191,1020.2600343256767,17.705720199747198,1,7.978358037517486
1,71.01679211175451,9.14608905777148,1003.5935510235909,54.92318801933915,1,-18.114485603266914
8,55.750270262510796,20.031309443050947,1016.4981234254886,29.296017077562812,0,15.030392831919343
7,61.83080901754507,4.855642254936876,1018.7702582666846,15.664048398711008,0,22.48023658835276
2,55.34481576066022,4.095647772359108,1023.5109512069934,61.52851870915727,0,-13.796341189836545
8,61.73527232991794,4.94750855769701,1021.2075930398131,52.36715906693531,0,15.513907350118966
1,41.235055035272296,3.8036611470600317,1023.6411418333471,24.943946047665737,0,-8.520555973300208
11,99.08966200439278,5.04051040491623,1012.0061966987357,29.595457832012034,0,-2.0807328617507004
12,49.00589821831686,2.9877507365332923,1009.5460684532995,71.87691078062922,0,-8.750197835836582
9,54.57808912860853,1.2323371455939713,1010.2510124211439,70.80090825991734,0,16.317586514291957
9,47.71103409667796,0.6405717509925647,1015.6628373044863,86.35374112795972,0,8.751851886478644
2,69.2356312374681,0.35394170939258873,994.9125298435774,69.94143922613138,0,-12.293320577451889
7,57.059960531365036,1.5279797523137675,1026.3175697039455,49.97873388310604,1,20.111122711844285
10,45.54288734854173,0.2361056914354861,1013.4387335982898,61.06748677503223,1,-0.8644132849844857
3,69.85325049336514,4.187060198396787,1008.8499841766488,38.66282760344352,1,-3.9838944033825974
7,71.87473721884186,1.6691777079580852,987.7028378939453,74.61202123911225,1,16.750945325426386
12,58.996855132841,8.701572962128912,1012.6318649382172,34.89393982073076,0,-10.521995104100672
10,50.045610729268844,0.38570600095626856,1011.0152348492425,81.71246962054916,0,4.155565060806238
9,92.86599008339576,1.2831881779775698,1004.0295356935475,46.240638916490525,1,6.814109191610163
4,65.10101445787846,6.551226958420794,1006.2695315487299,58.42339625148678,0,3.179943256070164
12,40.88896522570015,4.566579510150656,1012.7336335555484,58.09263073544947,0,-7.65075814454645
1,81.21060691504152,0.33332401369372855,1007.1176354041231,67.36289586217096,0,-11.862878685330688
2,47.16337875881143,10.48759813648376,1018.7187806617835,65.69562876561427,0,-10.701186662570542
1,100.0,10.488506722018867,1005.5121641135598,22.834694515218594,0,-12.124711472050432
12,61.1948678629138,2.005433565489034,1014.5460842952078,41.100666594709786,0,-4.396009255165865
5,75.1997405408303,2.080652736324641,1024.8004536881117,89.39078089417232,1,7.8737431211413575
5,28.799736587296483,22.562206834321522,1012.6340413743745,18.484162452238177,0,12.640347112724669
11,40.73788673865056,4.919853197927953,1016.5597712395975,42.064764987630724,1,-5.7863573469496785
7,80.00789429641073,3.7891381115648173,1015.926513874006,37.07813840087031,0,16.40274063171052
9,64.76722598443705,9.105493949541664,1013.0799689961726,42.7118154578506,1,10.064216841838899
9,90.63594634071109,1.6793944319426335,1012.3299285805649,42.591665938334565,0,10.900906159647892
3,67.27762657844383,2.803429493717177,1007.2862577855009,36.80796373400144,0,-0.15553661210952274
3,62.1794435961156,1.5583486171002732,1014.5101229055782,65.6716321596116,0,-0.2701462947382267
3,85.70360986233308,7.783298711584247,1010.1673249116053,40.50765959135483,0,-2.8222468365512823
4,75.15205498838166,4.2589487013667515,1028.460901682347,20.63367863516067,0,6.097095778406175
8,57.05608201085566,5.37679971220916,1021.1114325910991,65.96006437552519,0,10.070460259508279
6,43.588438492523295,1.4538157360539632,998.4720410411165,6.163859526403772,0,21.514884377449235
8,24.42576502851759,1.243751244713648,999.0284200178193,5.935852575223724,0,23.347458237714882
1,53.43501495295942,3.3508130949800097,1011.6954013096064,29.5278701035378,1,-13.745222700265721
8,42.20497357167942,6.688773505292856,1009.0469452256025,67.7847063400481,1,15.605442605590117
4,98.96556964851575,3.7247267752601534,1011.1680608177808,74.54398272069606,0,0.021639035861210854
11,50.2444358389496,0.16595218260900751,1019.5116146065232,38.53868025064823,0,0.7232162614825628
1,49.83436491562433,10.145700935680892,1016.1573589887736,21.24324642738483,1,-14.133299135667407
8,37.18132688117032,0.33436966252566214,1016.0562923045816,56.02710522872355,0,17.7367775633763
4,56.00524007215945,15.597922868541662,1027.4619466549539,14.866328374217606,0,2.416824306246059
6,50.03197605536681,0.127317084089209,999.1110844582693,67.51792656297583,0,23.214379794926284
8,86.06594143116689,5.928216702304398,1014.039388341489,9.105225344656995,0,19.216840657730263
4,62.52714239122477,0.42891736701464767,1007.2094745205275,58.16102805601795,0,8.384046792772512
3,59.86703966015434,12.077457785612602,1027.3543578583935,43.94426381706611,0,-8.140498322770574
9,57.979908688761036,3.1221486064156743,990.9064839417665,72.88162394539424,0,9.693406954736528
3,71.79262380283804,0.739738477308896,991.34518414287,37.42073736303607,0,0.7500545980832303
9,53.21507751548249,2.0837605854963144,1016.0463629634805,49.2374612750786,1,7.364120613151303
2,70.00809140297757,0.9005680326361293,1024.2629655932415,37.56143971035482,0,-9.366370078317491
2,84.20954731091166,0.9351546116868331,1020.7325432131705,65.16273886658549,0,-5.386739693654792
2,66.90112515449471,14.79298406625026,1004.9901920668229,27.567490001583412,0,-11.887792129734708
6,56.25403075762297,2.946153545724688,1028.0642172200157,82.40057969074543,0,13.173152169187361
3,45.69811243542148,7.7748022322817185,1000.685312514058,21.390459571328194,0,-1.6403370968957662
9,55.873140204793884,5.102780919688556,1026.0748418954333,92.53097390485034,0,7.08887480244594
4,68.44618310958856,5.641642814666773,1002.0077174964185,66.3081355130786,0,6.154464012212321
1,37.01208987124018,0.7060522259592974,1009.4817582766278,33.23218933297878,0,-9.708133283255176
4,72.47314136563924,1.3340696521197861,1019.3926953785692,34.03431315177912,0,2.7701676413454823
1,63.11419032342097,7.7264583213096625,998.3379216910383,72.05059997477046,0,-11.510512908168858
5,57.76216260361922,17.662149631851726,1027.6902339754076,23.58636896918561,1,7.269190489914058
4,50.10879882823497,1.5236368929421396,1009.4205616859869,81.77043492280876,0,5.313006785957463
8,52.85433448545949,1.584310250239355,1014.3727613567829,33.49513976030922,0,20.0415017613062
8,68.95959062197961,3.2017977779071267,1024.6220078904075,25.998281430538672,0,17.455077882408073
7,58.07682710857334,20.626177929713975,1005.0687465483285,68.44773610804073,0,13.75321882444868
3,52.48290049082145,1.5664282957463562,1023.6081368625539,84.92430155239713,1,-3.736305897383807
1,67.02845240057283,2.6125675559048753,1029.4053357089238,62.99764989126201,0,-12.478791978330607
1,67.62284666238195,11.104104675801663,1006.4442100267042,14.227579680176552,0,-12.635852808230215
12,41.26237408013928,0.014626535816148804,1026.693876725963,61.193214019111174,0,-6.880777792717264
11,68.57221044865477,0.20289118880553964,995.394214057584,86.25606479170156,0,-7.0620798236079185
3,97.52547319290665,4.632610434078611,1016.8960039479457,39.76255939620837,0,-3.7918405410121134
6,67.04431184063256,11.896259781517308,1000.7140148429619,54.11723493023194,0,16.27264017143367
7,34.51489192734498,1.3646679098054995,1022.4256854853619,26.975549124669552,0,24.24718091877036
6,62.66063087759319,3.171013019612538,1021.604560484222,61.58360371930731,1,14.202763308531967
6,32.53776938709473,2.9934168091617384,1033.7737999559124,75.09552944799529,0,20.746130407065927
6,100.0,3.2025018009179456,1027.212829829525,56.5204518122915,0,16.429296346627495
3,93.5351203047671,4.871184428863523,1011.3422880239855,52.426403515632956,1,-6.744209115846236
6,50.01092275806906,3.1719746160635727,1002.1825251270116,27.13101909251483,1,20.891250771346815
8,26.314992015092457,2.9662209224394016,1018.6568707966939,58.635566721817966,0,19.39960831562923
11,46.82443219360823,3.215012722235927,1012.392685896145,69.21632118221983,0,-3.585302162772397
11,57.28513891590415,4.468580354890314,1028.511550445957,60.17542849292463,1,-5.125786894337169
2,33.57204386940393,3.8502219928587333,991.3361915658422,55.99158837221251,0,-7.763437465519708
5,58.96466227505658,9.625402910688965,1034.8805675928863,37.21939129868666,0,11.819786574480435
1,57.186320035946224,0.25381903344751194,1018.3199060761181,45.43004577875107,1,-8.738004739376699
12,61.87732045594333,8.95830951412943,1004.8698787827963,53.44618889389854,0,-9.332700289841029
1,63.4446776540697,9.287080679862655,1020.3398922741857,18.875591564653554,0,-10.56243629095268
5,45.515736001842725,1.6767205167313082,1025.974214212897,32.77833465817672,0,15.241697161616928
12,47.198789403755185,3.1074076674248934,1014.1434689130369,67.12952849239939,0,-5.634077245255774
3,60.68388246705075,2.8860602653949723,995.3507961585516,60.40569767737662,1,-5.47586356035551
4,50.53511805189079,1.232763565731041,1010.0615296365289,24.141183483494856,0,6.905897299431089
3,73.61242152625884,2.527506176615665,1023.3939505304214,69.6305274790901,1,-4.3783925317237085
1,60.5384182465155,0.2270153382106341,1017.9666473422737,63.23831009099228,0,-9.408901717389071
1,87.97504850996211,1.62741866929712,1011.4349296916463,52.20978474486125,0,-14.983407167073556
12,72.30723657406838,8.48266943184752,1026.0831583089143,63.3120619140558,0,-8.497847875616618
12,76.55570804085897,1.6743037910916836,1020.393058408323,27.601719129126966,1,-9.083177329640659
5,61.98849101947179,8.524423898475458,1021.1633915593834,58.219520595735695,1,9.97373470068519
6,62.360422519354444,3.792157521142755,1008.8936530801919,45.057085546146894,0,15.460041343275341
3,85.96980869863765,10.59559917575938,1007.926163182539,58.185653593402584,0,-5.256923272132271
12,54.32560674694456,4.2757377434273875,996.0004027931698,85.8289734318511,0,-7.109995734808955
9,68.20169031247859,0.1505861394440453,1010.4060824406274,35.04464779520578,1,9.299175964012143
5,56.006437017578136,5.62611939763689,1022.3539205379813,28.028087633915188,0,11.305444130127865
8,55.970459124190455,0.2294530917152472,1010.9590670298442,51.01927072525664,0,20.377166261994617
1,42.4665560138742,2.994615396929002,1017.4553884652901,38.29269477872915,0,-10.29434474228851
5,48.862284737145885,13.255516573341936,1024.1119935665329,27.931672912614996,0,10.92857463467413
3,46.075958228753244,0.9028391134519066,1016.7283299179863,73.32189011514792,0,-4.327826354156698
12,68.91553213384753,2.4704354311659635,1017.705147617608,47.065735448299804,0,-4.7964426308549655
1,75.60308892335493,6.544080395703044,999.4217753796245,66.02597587221506,1,-12.756939778730178
4,58.57869939632396,10.69632105975796,1009.7743521589803,70.9349465082399,0,2.357475426393074
5,63.4444189524548,5.557621526779968,1030.2662650649659,63.822254280500836,0,10.071511436242513
7,57.71292967342356,1.4931977964687781,1014.0379718109609,34.422301563907006,0,18.305556227603866
1,47.838361201605224,5.613621088026185,1031.9673818199658,15.892045840593703,0,-9.590951471758776
3,72.93394537195319,1.7600551922557928,1005.7688436936105,54.58206084755901,1,-3.6614308439677057
2,69.78802040639219,6.336857295789797,1015.3394745213454,25.084349784221434,0,-10.166101714751168
9,31.611810220440546,15.399171534142663,1009.1732156244814,66.40605660371874,0,11.135011414141022
10,55.753364981471194,6.389773557371995,1018.9198468512456,67.9123973921498,0,3.043844631364597
6,46.76958988188858,9.934512459101736,1021.9500866806012,73.31209432048566,0,19.046866366776207
10,54.135921455021624,0.010530296814115912,1019.024660957009,53.83427630744889,0,4.282178831571388
3,49.94352649430611,6.321660348884412,1023.4185214374803,26.190400634051827,0,-0.7012790933896886
8,59.303694438879,8.847668220808618,1012.8682701147767,45.95652925248783,0,19.667646602677475
8,55.05127897299789,0.2070209111717446,1011.0947163233632,53.11769854645617,1,15.886726435466253
2,54.732889592687414,10.262935938177494,995.4180699272403,32.916307802629916,0,-9.59261825196064
6,76.6108264250807,1.4832389116375633,1019.3845093516456,51.51700198333835,0,19.035396343701226
7,68.35767991003873,5.4724853686321655,1014.7218409224016,30.91488549926811,1,13.963287718541867
2,49.4415802454935,8.056069418274227,1012.3208526243747,31.49005647990597,0,-7.143603421375468
11,51.66679900779869,5.43338666805909,1011.0918259454565,49.197743256389415,0,-5.758429686277532
10,67.37689583099419,0.48412298618165045,1012.6312043865621,22.197693954670132,0,8.320599035175276
2,67.3562935755415,4.535682783160306,1010.6376386850209,65.04396237159268,0,-9.673596625940583
10,50.94329641406897,3.9879145833704674,1007.7196616143669,53.27512787343288,0,4.981049012647595
1,56.49013999646753,11.529014727376358,1015.3958888072417,66.21613918390082,0,-13.613210315675866
8,87.70209060130452,2.5895846189000653,1017.8415911893295,32.610326339948344,1,11.846803462391872
1,51.201778672179856,1.936267973099489,1005.2943208561381,32.696582220168246,0,-6.242405536692601
9,88.66206882688178,6.9284879848245495,1008.992644308126,57.90578781547975,0,9.682057424345508
11,76.55500413788707,2.660887524390639,1010.9537824873513,44.470406757962245,0,3.264421649157682
6,85.88124412583198,5.193650417827705,1013.0481330737679,88.79586186041456,0,13.372386643502512
7,50.56392041895857,5.198653079226236,1011.7181453041424,45.21377249588739,0,18.80790902908216
10,57.47166188905858,10.948026287288359,1019.5972119965639,80.51292249336835,0,0.5949915040171259
7,53.26254286836656,4.565135346087056,996.476329842962,71.34912678030064,0,19.261524268686628
10,76.90129787889305,3.487318516390264,998.2496280165989,40.96405896325532,1,5.673992889116512
3,51.48474340991866,0.7475566951325509,1014.9356939925358,62.380488725015795,0,-0.11360237757626335
2,70.96823240014311,0.615007176821184,1006.9731415217221,68.88114551856175,1,-13.616798975298467
9,70.17449116788062,0.8380804621997928,1021.8424230577381,60.892395987259185,1,12.228279159987853
8,59.27955703928735,0.9427957388592335,1024.6980095258855,59.105705866602655,0,19.196295262756834
12,79.47989601246503,5.078858008763154,1015.3374717642291,54.32076923794844,1,-10.693744318261848
10,61.61519804589908,6.754274135702919,1002.2802508372582,50.99487145852664,1,0.8844524431826433
7,72.51128577912455,3.7750227405695833,1023.5459351622706,23.749960700393206,0,18.47619304141782
9,52.579449466233264,8.830977134765195,1014.9890266215033,68.83067824555042,1,9.274265686389928
4,49.148447788397625,23.70107174486932,998.1306402747289,77.77273137122333,0,-0.3397568090815768
4,70.96718293886411,8.574342961637896,999.0148035193481,57.7492307892969,0,5.909263234841614
1,66.46260366500623,5.935289583218183,1028.1694678970864,63.745313112555834,1,-14.91784820346367
8,63.64961496192549,3.8017015709905007,1026.5113591326124,78.65027784019777,0,12.524295730957451
12,54.844674780933246,2.978769238991867,987.8285685790376,62.56785046323131,0,-10.304889415815065
3,83.23814214789456,0.44083684560778186,999.4220910474212,71.13341150808056,0,-6.088445388356856
7,43.251212936192296,2.5488704540587697,1024.4085549562164,50.23793170260314,1,18.065660064929556
12,42.42985485403542,12.04721346484759,1012.8150741160695,62.160893977327994,1,-10.950312726940448
2,74.13249757745743,8.25188888998752,1020.018492854921,40.179312321100284,0,-9.5855320670178
2,72.90144576214604,1.2170588868728747,1012.380472539019,74.34695236841037,1,-10.175065148697106
7,65.30644168487802,3.142491309118465,1019.5449249007121,94.05443847984488,0,17.649087953421454
6,55.6807166714579,8.483788572869692,1013.0583354666543,45.54459050333671,0,16.70826909470529
3,67.53633193785618,0.3488116664419994,1008.6239174324303,69.58919955348446,0,0.5569866831696921
9,85.812454456793,2.450154908009761,1023.5874382991481,54.51081269415753,1,11.282988291272472
10,97.73319311811338,9.547354281752012,1015.0205461602565,89.2420668202272,0,1.3027975237411136
6,35.15379441787265,2.586716288783379,1019.5238871624357,90.68351971123836,0,19.69770569488486
10,53.7161982112718,0.40396093461008153,1014.5744792496076,40.42793188828494,1,0.13664002988629775
10,52.77340105522741,3.9102675978163104,1008.1364310645018,67.33269872556869,1,1.0114896067873902
6,84.39779207549523,9.893186768739316,1029.083893113572,65.9141994368204,0,13.628343225856964
1,22.780575201521977,4.461474040711678,1016.5496825475767,13.949000307351502,0,-9.142319152428522
4,67.70752789598319,1.282720376769749,1009.4495135562785,7.041739227114322,1,1.1263624642908363
10,56.147845373714496,2.4244869242790963,1025.7832947031873,73.43846084894138,1,3.0899782320580513
6,84.5716912432146,2.990306594855644,999.7917622612105,50.311764414823756,0,19.690042516535037
6,82.5155826000669,4.3287765746346265,1035.3628365079599,29.72092749577344,1,14.634342610805197
11,65.48260102240039,7.12207972833628,1011.2085024233658,70.14553840166558,1,-4.970718106036587
12,36.304153939323044,0.5205488111063404,1000.3198579261663,40.692317336399675,1,-7.96193310254444
5,51.391657764973004,11.020582849036021,1032.0594134845755,44.01888292058295,1,8.141268165281662
1,53.03413385079392,0.06193047482866626,1008.3683238692721,99.09509461380576,0,-8.705918985269596
8,40.10317808319803,2.3105926697932713,1015.4324456985563,28.308462337127683,0,16.768818952947917
5,77.31876422789054,0.13901631686936533,1020.1769074143947,49.30922822312586,0,8.256638038358798
12,38.19860254088391,2.495920132302668,1024.8417252766014,47.233036576803165,0,-9.937920456928271
12,89.47991262680569,3.730763371974473,1015.9977456372156,28.91005548991492,1,-9.430609983391339
12,89.44233951068188,3.583935949118624,1006.5268459166996,29.18512296824587,1,-10.750953615733588
5,54.22409607210741,0.9053817441060616,1015.18992523334,55.92497336199502,0,13.639247100540336
7,64.92743055194724,5.188628060246168,1008.8068445466828,15.596632708919625,0,23.685712975067258
4,58.91574782894364,0.2290598820317323,1015.4901167636452,48.787300255521295,0,3.168299940105627
6,73.52737200542535,7.1754658494141585,1029.2814954575686,21.962685811220865,0,19.302749541452222
4,79.12016007847139,14.653884883292477,1020.5592519164379,62.420514298325024,0,0.2967657238421676
3,63.86995488180099,2.075826216983984,1015.0664643809833,17.03564782132368,0,-2.7577834602397004
7,67.03675064671594,3.6411718125116055,1020.3849083260634,8.53021186043947,0,20.67876433733064
8,50.69093604090725,2.381398638541948,1021.1008065190919,14.975683736166042,0,19.84374039590573
4,66.55070950335508,0.03366503102100511,1002.2212589703128,85.40346223482194,0,3.898118193030652
2,62.44143118385971,2.4377798952068406,1013.417227112157,34.20440977989519,1,-8.413856828517664
12,46.32308266872965,7.844365977306692,1038.6252765933252,75.88646383091576,0,-9.494021678836221
10,59.78944335985333,4.531563915223242,1025.1282098503186,79.54050793418557,0,3.0767723804258273
3,54.252262230208906,0.5338070078420312,1007.965644408388,69.76854896130665,0,-3.1443121416453734
1,50.85756627272912,9.39114735391749,1006.9679210388238,50.4283389289499,0,-10.336623441629627
8,42.80263188600648,3.7866724956577134,1006.634742768244,67.82646149998747,1,13.472110608078
3,60.937540998742136,9.217054509581866,1021.6631995026206,41.2819323349875,0,-5.950937571915494
12,48.29288990511985,4.340140662606065,1029.0764092111622,69.81950377840559,1,-11.424067120511555
10,52.93337741545951,4.101363613631819,1018.8216704448006,76.4200203286867,0,5.213774507123227
7,76.12686412825934,0.5561059752307708,1014.5716234986882,30.75079424455324,0,24.41417954868023
10,69.48174151902566,0.9157679129889996,1008.5584464236723,44.36066267569992,0,4.782119260939268
5,45.318500282081196,17.882265968025656,1016.2937314558353,29.798560042404798,1,5.149327779230429
10,65.27836601859654,1.297007143921861,1004.7987827990379,79.07636827760219,0,2.687918546712381
5,61.99171047396233,18.96057070814716,993.6423445278876,84.21260390213202,1,7.786859026235195
7,85.52544312800191,3.7955023796861056,1029.3682569011246,60.22842008584354,0,15.88984540916699
9,80.74717501308412,0.7296919074455072,1002.941873296379,46.416181196354806,0,9.513889450281589
12,36.99376911435246,0.5229274289869941,1009.7516762633068,48.807571291233224,1,-7.036577859056574
5,72.91691503437902,1.1714274055273985,1019.5635745062929,64.25229373055913,1,10.490788586918761
1,78.97795877435549,12.994006053564638,1027.3446686934606,37.02191323199805,0,-15.890331405773448
10,68.39038813092496,2.673459388893671,1015.5713065241862,33.33119210929851,0,3.204440131000979
10,54.968817844587136,2.516224385136305,1001.0628901233918,48.91191517107553,0,8.009039326778272
1,96.20090872675705,1.8786063314678823,1009.9865355030845,6.361645784872534,0,-8.610658246050612
2,69.77113921390534,0.795341217880615,1006.2151459497492,58.92425530950053,1,-12.664779870920327
6,89.64816410592341,3.34570032841953,1012.6178897252868,39.82981592926917,0,12.67380180357912
9,80.2721764421026,0.6965849563419777,1025.3198447126963,61.44999463064246,0,11.794213285175024
8,66.96201990334956,9.023622862104475,987.6261140393011,81.68760141935462,1,13.302269175334086
5,51.30448632789559,2.3133289758060855,1008.8861016997251,9.624023322978083,1,12.6291509482143
1,59.63842682771248,2.348446935379263,1008.1595036361298,60.66085603540973,0,-8.905302594558487
7,56.671313208096706,3.212331438849882,1000.4323865510436,20.42019227791812,1,17.250175717674725
5,41.78221566526095,2.9360835552751414,1018.8549074374962,55.993828116210096,0,12.162468460273896
6,69.75422362439555,26.35153965406844,998.8502412812395,55.59174971053519,0,11.049487580380667
7,83.51029502939113,3.941479200448188,1000.0010572070368,77.27677690400871,1,14.25139489121883
3,55.5254475817283,0.4616823990248517,1021.5106921402062,57.83050546407368,0,-1.14421947896886
12,92.45484748837106,4.66816803930843,1028.0057136896266,48.71121782896225,0,-10.020070685019384
10,36.636258212074,0.8219227131841074,1012.2390323138804,58.813294973370574,0,3.128739511059282
3,75.81545322580806,0.15713159519648512,1000.8260388101073,70.37353048344536,1,-3.739718387202183
5,85.07280353108115,17.658037454632364,1005.9444590822175,60.388105573671005,0,7.344079834508589
6,56.93954128528409,7.425910276783362,1023.0800194724504,68.41222852944495,0,17.946585505469187
9,57.20915242285679,19.58743764734528,1014.164382406634,59.27926022967078,0,6.890913302472834
12,75.64147763766601,3.2492743000591098,1011.9896122311808,13.503122186892305,0,-9.658571746287345
5,67.58986664939302,3.799187073785393,1016.1304970991315,64.9725096451879,0,11.852308617648335
1,30.038829848107397,0.9216395764434987,1012.6234005647456,39.791850306014986,1,-12.06541310450878
4,47.34940268190929,1.417835596930952,1028.4571229765922,70.87634604461799,0,4.363767564164428
5,59.7967567792881,9.117774595006857,1005.508567353064,47.34625375997709,0,8.995901357455079
12,39.454527304723996,2.2017243317892543,1004.3604088316479,39.69086163774037,0,-7.204125780269097
10,52.88738525355144,8.766973701905473,999.1654648193135,47.27469043375155,0,4.3969775239327245
10,39.82971862134099,6.172395877106106,1007.6001236427431,34.97743114903798,1,3.863225355987246
5,54.447440541699144,0.9750339275136998,1002.0802452533385,42.79367540442705,0,12.78771147768002
7,54.95065909018259,3.5407596150979797,1015.1807550865273,16.8974235742613,0,21.660477914149165
4,65.2763201489057,5.656514065646841,1013.2094736552515,88.39337349142225,0,3.244488592601725
1,58.62361014000749,1.3396404657064054,1002.2092449993203,67.73803456488136,0,-10.194167864548108
5,67.54184581561134,8.880075637635905,1018.8913935902797,86.8482932089765,0,8.371914848195152
7,65.75316011210882,3.9353957856111155,1028.1681286712987,71.97865715741656,1,18.59902804828088
10,75.47009991396466,0.9030673846220898,1016.5783834867102,3.34928463364697,0,6.646409735098925
10,73.10674561440173,4.373158552768186,987.5650181704452,58.79331737239605,1,0.14271339636150104
6,71.52185752702076,30.0,1032.8713097067011,56.76504256460419,0,12.611678460724379
5,100.0,0.8156631869097806,1020.4692346907106,19.502034238558032,0,13.353408915552441
4,65.21103954963493,8.484708783861942,1032.5641825318844,63.99844620422053,0,2.5681397103972063
2,98.90357255788292,1.1616089841314012,1023.9072358614983,45.277976356569575,1,-11.774540141563271
4,66.183276033659,7.625215662213124,1025.9051541887056,63.4687227532723,0,-1.1141130592642834
10,58.75723627791162,6.632169885638262,1015.0526689360108,28.72806732493588,0,3.1459266571950253
10,54.402522266802045,1.7868715536250677,1010.3770398781016,57.41780169666273,0,6.939813560178279
3,82.64588697672644,1.9713138282617928,1016.7348118773216,76.93107834735372,1,-7.974432098860805
10,84.60755089331907,7.863635192115578,1005.9121491975346,45.868761104395645,0,2.64290575546562
1,68.99675783947093,3.0943330126138546,1017.3388085090023,60.36148408724642,0,-12.683565447425288
8,77.00320161754058,6.561838274474243,986.7321374264928,34.66895325761802,1,15.774773144399765
5,40.84169301115375,0.8007507297389481,1013.4293224521441,71.82019888955652,1,11.922057898050728
4,36.76830266231683,9.571594608292685,1026.4467612010212,14.938628946970473,0,6.371121176266449
8,78.6949032869618,6.20464883098705,1013.9430857892896,42.19868319856213,0,14.25116199526502
7,58.09782753145467,11.872705080366554,1030.27482738031,71.72480992163727,0,17.436730975771745
2,71.23953626096254,0.7099633223844934,1010.3625461215139,65.92768029872634,0,-5.466292343039894
1,49.240680750658825,4.4948886079791475,1023.0265091298783,14.746536686714062,1,-9.506960565358435
12,84.85482704557162,4.570473038609436,1004.2172992632663,76.88237487452342,0,-10.091371776085897
11,36.893719921664456,2.1806067823412394,1022.6195661955538,55.68875485097992,1,-7.505810005734027
4,39.21622370275967,3.066751049871927,1015.3259490822782,43.33612629508157,0,5.580522878170031
8,81.66467375568517,0.19360831760357067,1010.8024950415727,46.556681115371674,0,20.808406532464225
12,20.85237310525649,6.84935067348418,987.2611788493558,27.61862117147563,0,-3.0794383868314243
2,65.67853302142375,3.9850161358640075,1010.4562322419445,64.56902653540737,1,-10.034669726338755
3,58.39011006605135,0.29737575161495855,1015.1345301927981,96.41676075233437,0,-4.85283490424113
12,48.960721211999555,5.708996215020497,1021.2870943521991,51.86158994164452,0,-8.19724798077307
1,57.00090227114447,3.1441253882379314,1028.6094979909906,59.60529198839319,0,-9.032257243905367
1,47.28714760365285,0.17534526517534732,1033.3503270136591,15.123516296176053,1,-8.379060075117648
3,83.13383919072749,17.46783437756008,1025.4626734312299,23.168062847853932,1,-7.469313577816948
11,87.06745632542415,14.890654757299673,1007.3790967469581,36.39443399675264,0,-4.100839357137586
5,49.713936198174835,3.596453992256432,1009.9519591048227,96.82695465083843,0,11.333779410692685
12,64.13287316202796,0.49177235869411523,1020.3891547104369,69.8837281657973,1,-10.745487451970783
3,40.12385293595929,7.024761140133007,1018.196144598478,41.20514528484226,1,-5.169052168883398
1,76.0957823850469,3.3856910544370065,1029.2834595939137,58.33442217051612,0,-10.70855552239684
1,75.70513761964972,1.8008873408898671,1037.793894187099,86.09904099855476,0,-10.22360291839144
8,55.57106650938466,3.3806458347818342,1035.6718019509822,69.12305790765897,0,18.42545852956254
10,60.25327587629843,3.6953707646465377,1027.9393819979834,30.60664314157285,0,2.595202156344699
11,58.593518257159936,4.135812868867455,1018.2790264894289,65.24309578944857,1,-7.648660520449278
12,35.72313249479586,2.9100304462438418,1026.4932506294585,72.08722173089384,0,-5.583745668246195
12,83.1900622140019,4.653917522191127,1029.614410137284,35.98547514802184,0,-9.139374501522347
2,48.49570141676354,12.550181491615556,1011.5269960274499,57.526474844690554,0,-9.190240288864263
3,48.59776091613118,2.249186415799343,1007.6733902749124,52.49804964398894,1,-3.4619053564042948
2,57.74370218307251,6.4679645093493345,1005.3257899992833,63.52465894934463,0,-5.42013563310895
3,74.93322878043418,11.24297364400752,1004.236152665547,24.102025281564924,0,-4.935609615892941
7,51.13045177361954,3.04383968411151,999.180046774068,11.871055124367945,0,23.98824515663661
1,30.717221678948334,2.930043759070468,1015.4990170911773,4.227022623713879,0,-6.831446807656138
10,46.69502908905699,4.607986249783479,1003.0024719891187,69.08224808018146,0,1.6701084548725342
8,66.36210628618485,4.475175698098301,1005.1647781586462,59.62383012867828,1,13.495525575779169
10,92.8462543171378,8.214697952925414,1020.0125555917673,50.9151922027547,0,0.8329796482481509
10,41.10120050440266,3.235932542708175,1014.8160906625351,19.853502693799545,0,8.85204260110578
10,40.552473487787566,27.76340315404375,1017.2962494063368,57.66664138644172,0,3.0583670786670405
2,37.31106748741776,0.3065670044588799,1026.6514876189208,61.5991810787884,0,-6.330545315214633
3,35.449125130509884,0.015864384174952055,1021.6452990854079,48.89807947192424,0,-1.9610240585889622
9,78.08537190122146,5.111011323787464,1028.1888658145267,26.79702417088905,0,9.643878866663762
7,82.42032863046569,1.7722080011269736,1013.7997649477807,27.18852489202584,0,21.968052959858134
4,62.666338403706035,1.374700576731612,1029.1179059131239,59.60243812721656,0,1.9122068845572864
10,52.98430841788715,1.8690988288292432,1016.5973676435746,89.4012548147479,1,2.0151992475306355
5,86.86715680293939,1.4788908889271855,1014.687062610952,26.762191868496515,0,16.75319939443367
2,62.60862062484757,0.15637011771598694,1027.615262062765,89.86478717300042,0,-10.179909344072774
11,76.34155064040651,17.795056232184137,1004.278463208067,25.90248773237353,0,-8.02212913394793
8,52.25326587417277,1.2470878537481513,1033.2360056754248,70.95332891767946,1,12.064064160673073
4,60.66365781335661,6.621854329470049,1010.1789997996271,9.070193135572223,0,10.234769299039847
9,41.439875318294305,7.1899680514623165,1000.8189202845068,27.769739653640592,1,12.097796227404569
5,69.43873457840377,13.243536566996728,1019.5350195205586,48.626777827269564,0,8.051701015248312
9,62.86406626159974,0.1551290929509948,1009.2267848988174,81.23486548576591,1,9.585915967483661
4,46.58155151379324,10.280513652526324,1033.2580709191125,85.33723126092657,0,1.3236297020757293
10,46.78339275710308,3.745690942250484,1008.6709918121485,66.73398938214157,0,1.2691405754019205
5,84.23937755008116,5.005759973254879,1016.1444891735197,81.64367403996424,0,11.350913990083214
9,89.57503125692725,5.170732122864523,998.744066845219,47.391412296446624,0,10.918103951572576
8,56.802969949990185,8.568378764436172,1021.1291424489747,58.20456311195718,1,15.937804621477506
3,61.01630359143244,2.0278804875296275,1005.2260992414109,56.87991688413281,0,-2.4942097947780626
1,66.00171711972325,6.60349180642517,1019.933246903326,19.535392050091644,1,-12.083020445243365
3,62.22047637239531,3.7600092641064915,1008.7165476029414,67.90226706064163,0,-7.784069399397632
4,34.88553419192054,7.884708751658599,992.530653132772,43.17862667062948,0,7.608505181312584
2,66.41806015785579,23.306604064444407,1014.3119009034389,27.152979729122144,0,-13.99005179221723
1,28.681664480990868,1.119788271804443,1013.8642851707843,42.84747093628099,0,-9.624917863743484
7,49.009737131135715,26.152024181429216,1021.8107157362261,68.97927515304578,1,12.017771128833443
8,67.58140719937226,0.4705213845431617,1028.560005718392,54.50297685653388,0,13.453549854974508
7,68.99991311887256,0.01160118787694962,1032.124094099168,38.63124194416915,0,18.841151950445852
5,47.84890373685765,0.22583384793039826,1021.6415421347089,19.512867103400932,1,10.99980296430137
12,53.123445897196234,2.0910985521695564,1015.7861919206592,68.01144743176418,0,-8.916507261291754
1,51.09245236502319,5.0106911686705295,998.7266641048453,59.805346836335325,0,-13.46781357365299
7,58.45733755295895,0.35763866242722864,1015.0202093699,41.224460111812256,0,22.583885166236847
7,59.598084800465045,0.028409630712350704,1015.1494016993893,27.172479705137846,0,21.952364565083506
9,70.02702194293666,13.830332468155147,1011.0135974034397,55.56379852751743,0,7.877316114609757
3,52.24654705665325,8.627798279814183,1019.3296765060081,30.110806438015402,0,-4.030897556630425
9,65.60094287870332,8.28220661140038,1024.2190571098213,85.63824132401209,0,11.446279809414175
1,67.60523646730788,10.78914670243943,1004.8159606947131,8.945588346624614,1,-13.15772809038672
1,62.97434066057798,6.0204352671289865,1004.6601564580053,33.91603820233202,0,-12.684560020092235
4,56.10591266325788,0.5513300271027988,1011.6070798822337,32.21362258674297,1,3.978704345999832
9,62.709681964131605,2.546635303145144,1006.8477080929208,61.150500323121136,0,9.968033606029222
6,71.27610410090364,6.421387903960527,996.5874679764014,31.043498320953926,0,16.123497613527704
11,72.58777301574469,1.6448435188805601,1003.0340726367705,65.98471719736094,0,-3.3398285212647654
3,87.23059027240359,5.814256099615859,1000.6767885296256,93.232807958921,0,-3.4644778130921745
1,45.14960645540607,0.12401764107812854,1025.0845050801815,49.580685467961665,0,-4.964745028168245
4,53.39988913506896,1.8274061779032924,1030.0282700600928,39.05606595441771,1,6.177508170596116
12,35.797970095973966,3.9828848760447495,1002.0456654270541,67.82502680946837,1,-9.536233127204154
9,73.96514196491782,4.999582362650327,1018.4607351313712,48.42431459310763,0,15.754581891187753
3,54.9823874046488,4.302396190183364,1021.7351642446976,50.780829631321886,0,-1.691188093366144
12,63.0928647304399,5.982607771068768,998.0773121334014,81.19561470000244,0,-11.438337609797891
9,50.9349214583004,0.030536801275558162,1014.60978947179,70.90156981837335,0,12.977003387488589
7,55.09944007533262,0.5320342030886,1038.3351616534653,57.15390791072258,0,18.603467391472915
12,78.34785158139988,10.160662455914276,1019.7714686635763,42.46828215587984,1,-14.84519581762312
4,70.41350115728974,5.724568905178717,1010.5469945866747,69.06925077900267,0,0.9629461910797756
3,58.32716913511582,0.5991661694951417,1007.398134747818,17.725985041635163,1,-3.250402293209118
10,71.51720879214595,9.228157398720958,992.775384152791,4.5570801791617,0,6.354699973444655
5,71.84850120056811,1.386884882903985,1017.7047365611674,62.19817896593568,0,13.80656437478118
5,54.12861724969897,3.252928387585556,1032.478167872543,40.83200058511704,0,10.039024251610801
3,37.963806590456876,0.784418380468672,1004.8645624560208,87.68308446921574,0,-2.6293751536556416
12,46.51257559496941,6.191269664671321,993.6441532048294,83.09149627366469,0,-7.686710362285727
9,39.89207094926225,5.495878552015671,1006.3577581864678,28.87764687626261,0,13.976453363619747
4,77.4665196898936,1.1856575865192391,1021.8159974597821,71.4410131790351,1,2.959084887728568
11,80.07172824671522,9.953519728742405,1008.7149999517792,27.655329917921595,1,-7.10763766421919
5,83.79560820238524,2.565023516345023,1004.7953190708691,12.53608894421876,0,15.13105630707811
4,29.706666765342472,1.7301948991377953,1013.1915491505786,60.58083866529168,1,4.338887495316917
5,76.07101365560582,0.826316927810729,1015.2970074716785,77.91069052727369,0,12.663373337848196
7,93.18286964077028,1.547375882270635,999.116098592283,48.805321150014606,1,16.083352305947056
9,76.67981570715968,0.1113656806995411,1010.8271630306317,72.07211810095588,0,11.641811161937822
7,27.731555731939956,4.376433679059314,1008.0273238607766,32.033805929021526,0,18.684523119648013
5,86.52447462595157,9.233108666530635,1006.5909565075192,49.904805885960556,0,8.28468068858315
10,60.625335556979124,3.9812229553283536,1002.8296333060855,73.28338907966979,0,3.762466915507728
10,56.51401340249293,1.2376548709733224,1022.412578547948,51.46450101530421,0,5.394704840796668
7,66.76642944874467,0.17124518890237264,1006.5561307120197,85.93638005088778,0,24.540618576378407
10,44.26489616144271,1.207989406883644,993.0505471418671,57.76786287983491,0,5.447310495666323
5,60.041735563823686,2.690311212762657,1015.6429782197544,70.56540629422149,0,9.0367487620331
3,84.3064446765611,7.127493088998669,1020.2519947267318,31.553683213217333,0,-0.8275018036490995
7,69.33595305784932,1.0403071309390768,1005.0398393478413,67.49950231788334,0,21.61703456648326
11,60.87602208154002,6.361105717991229,1007.4033731021603,23.97908185211296,0,-4.736486572093571
11,61.34412239891413,10.084530189409586,1006.5094627957162,14.472849728941167,0,-1.9579627658515664
2,42.27909025051798,3.0251948009416423,1009.533466385699,88.40342486181957,1,-8.62173375639034
12,57.75018162900412,8.613928755615255,1024.0685018218983,49.470340227962865,0,-8.978505905617252
9,35.48556996555349,4.044556443508444,1011.8594082762764,64.43278242575884,0,13.658282415518036
10,75.33661428590716,5.068013579624063,1021.3959354566721,34.27210593676871,0,2.7589723460250877
10,27.21434276286986,3.7356779949128196,1003.3116836845325,80.68900473674661,0,6.67282211152571
12,72.82350569431065,3.1103943444611017,1009.1630958041901,87.24124159820786,0,-10.776842933566758
1,74.69116351251093,1.3371326522524054,1022.540138158473,63.292668806077316,0,-16.38235582481586
6,79.7814692359079,1.8062416401122225,1004.9439460157374,41.005601865748496,0,17.963544234793755
7,61.30288744742704,1.7122411191872486,1023.1213646090853,55.843137645942775,1,14.362787353135882
8,73.74942699236294,4.14241735893005,1006.7161590900486,58.160531301907135,0,18.88227544141969
10,57.603800394521755,0.6389037566529467,1009.7833748494158,59.57351402187976,1,1.0075160244281487
9,42.199543234681,12.432040323878113,1029.7016258734893,67.01622301908688,0,5.653087147607205
2,82.96098588806993,6.376541110077911,1008.6418102283377,24.41576258553521,0,-12.597629977031096
11,58.54671255577388,2.566189579298568,1014.4534580275064,61.44766130050705,0,-2.896025859790919
10,38.85733023790208,0.8635840194756597,1019.1643642252174,95.90431884524435,0,5.257015458828227
2,52.99777581315327,10.685021492134323,1015.2650864967201,73.16330983554644,0,-12.842748803472702
5,53.59012976147743,8.680056132260242,1015.5505334888958,22.935406248557314,0,10.20063291875488
5,66.92545377186318,6.395665288180111,1012.4346025601826,44.339475999241046,0,11.53958014681717
6,95.20571225059096,1.5841611832100027,999.9776079098368,37.168858861056535,1,17.003100799507862
3,67.83627919923848,2.574558447149515,1016.4828933009976,43.54516134060424,1,-7.202902717105681
8,63.102657779947876,0.5420940064278567,1005.6753154298834,37.128693199122544,0,19.517812786948063
1,96.83664299343832,1.0476798092331117,1020.7576721740318,55.597009307819725,1,-17.351813092192057
6,74.68340309869089,7.63967299021655,1026.7206142394969,64.7125324400929,0,16.14426551920507
4,63.81373806202393,6.277009817795656,994.9444273858298,11.029450608615923,0,7.095723229476484
1,52.808822117728575,4.5006816358907145,1026.738078274271,11.81124216799031,0,-8.121263042144687
7,64.74300114306841,11.303700953568116,1008.8894220813296,51.88626815681572,0,20.016528827177286
9,59.00414393860295,4.37654196480529,1011.6905077781553,32.09946750223812,0,14.593175030536237
4,61.37151191338494,3.1458690951337593,1003.8761254748761,26.370262460246117,1,7.387483833899337
4,79.71603637154209,2.0803866931091015,1014.8846772906628,84.79863062614285,0,3.2337052163217064
6,51.89516725293768,14.104569454520405,1013.668148831774,47.17529098097686,0,19.845869868544916
12,67.70311062245271,0.4316878104023001,1023.7692282529285,71.06918539387883,1,-12.697532457017772
3,74.23409984756391,13.360089080734168,1005.5860672336975,69.73740769633697,0,-6.238249871532037
12,50.068312247633855,8.764078393158496,1029.6080240193792,57.04769081650033,0,-9.520209898742696
6,47.660678767663484,0.6959076203325775,1019.6471408630889,64.81764963240273,0,16.305124369702703
7,57.74487116128645,4.161866445863712,1013.9096897677541,19.208552459442313,0,15.964615049196343
11,53.07555614615309,10.070066397986546,1011.1921563610451,31.262538934877576,0,-1.3309136585488945
10,77.28498913112256,4.240931516762468,1009.9343055286615,32.040826100949936,0,2.5277850386843355
10,44.97347582153018,11.886533581768543,1010.586562255935,10.471891525900608,0,4.306473487108175
3,61.02707052793005,14.322100679679705,1014.6840195693547,45.103632885660026,1,-3.63339251074795
7,98.19072500106712,2.7442344749511207,1010.9100003930627,50.04119708364543,1,17.226351085531427
3,66.19584800679274,2.368561781649893,1006.5947054349251,35.818003379595744,0,1.2504839427140642
2,68.68935216457328,13.769514294925768,1014.744592948367,83.91464615522398,0,-11.49002069941191
12,77.41023743545688,5.6218057346240755,1004.6371188127462,41.03469972417789,0,-7.93805198884908
10,53.05576401861961,0.6166193715366599,1016.2246690100175,14.740202158627975,1,4.235845364802
4,43.77870556881894,0.21606043645691467,1010.7693296451926,93.55172673358204,0,3.3085216418033143
12,62.647669142441174,4.1577842747771285,1019.9673090923185,88.63418353810788,0,-8.649107148563044
8,63.98105742522806,13.308526938868031,1022.8907421069548,20.641354408694355,1,13.440764903670665
9,35.72683807930258,9.29747395043238,1022.8868056034474,52.444865800741944,1,11.372125152344644
7,65.62607872024167,5.632709776234473,1016.1810505605263,51.16335852066102,0,17.85269430593423
1,76.04775748051559,0.7489766758243604,1017.3483122076684,51.29731419789828,0,-10.928835384652002
3,46.305778904639865,1.466699463863661,1009.7724897388157,40.22147508248031,0,-1.4412878958566004
12,66.5333377256222,10.417698701282985,1019.7763968848335,49.83959327364133,0,-7.877373369118876
9,73.383954905552,1.009401357536366,1020.9050136066172,63.83850541596032,0,10.706969266152505
12,68.80017312795121,1.631694620227386,997.3267084647547,66.50174494662294,0,-6.0643349157181605
1,70.21509358112336,0.6940157551863336,1016.7834719560726,59.09544019993904,0,-12.30779395601426
9,56.32799637290548,5.636729332857351,1026.6812980770887,73.33137648636229,0,11.622402241989832
8,43.08743493389106,14.410438312499053,1009.4370970539521,50.11783820956899,0,15.146443305028525
1,53.292803064241305,1.5664904388047036,1007.2545302386612,75.11854003702594,0,-7.8850934023775885
6,51.20914347194063,3.2256590380336108,1008.8013653891368,65.95981533707362,0,16.252643316596842
5,58.796114306886814,5.030253136245966,997.9512400717088,41.00451809120554,1,9.191517825591784
6,76.39906358189894,30.0,1014.2598395444891,25.911767006955007,0,9.85527320958272
10,40.32239807753747,0.5535856559112821,1013.2996544009725,39.63187791771271,0,6.884294768362085
12,62.16375034226086,3.4514642851565354,1014.970268328773,35.51549085606805,0,-6.71163411346973
5,44.048975317232205,2.4316417358354303,1017.159766212178,55.29941478638401,0,14.03530348651781
6,48.89929623265843,10.042871640983766,1005.0200659781852,23.842298963179072,0,17.69269570860372
5,68.38111128917762,3.231010072591831,1015.7319919902204,44.57878776418809,1,8.721656685218061
11,42.15082419951451,0.588163810531553,1017.4319865991573,28.01691318362111,0,-1.2116809349896098
12,71.01366434554468,5.031407422447406,1008.1160826918297,44.06358684704103,1,-11.252634063651522
5,39.71753330062913,7.365378675841229,1017.2011799825198,69.91299934373542,0,12.364854874681836
4,70.0047060515724,0.014427052307371098,1013.8070662638675,61.01432434845163,0,5.018013852175456
3,36.757030956322325,9.793441200902517,1006.6881023055662,56.246867731468875,1,-1.3782697168833131
3,50.732809811150766,1.0291158445700384,1015.8278869648368,90.605359338764,0,-2.937910048768236
4,88.44741574694342,4.015584451852052,1010.0928925664678,42.099323565185635,0,4.291276700927914
9,85.62819554650329,2.6875380542900036,1019.9706527401439,19.255601865258534,0,12.10691311386673
2,53.81213021224282,6.358650351199246,1010.6083361993096,34.976642293515454,0,-8.607650750340888
9,65.84940879044852,2.319404972711262,1000.1023441823494,59.07466817913923,1,10.937510638942056
1,78.06102028327327,10.192003840045116,1015.6698698552765,76.20437900533005,1,-16.122301737334954
1,70.21944261630706,6.555866928942029,1015.2940324783143,52.398030314337774,1,-13.55640157817488
5,55.89803630317764,5.2165479013159946,1002.1886288720234,91.02048466907017,0,13.46593856402075
6,48.770470289455005,7.954076855898138,1020.5053611543531,53.12138061492253,0,16.246574672994512
6,73.02154714436895,7.012586926771656,1019.9822083613548,80.21602577513207,0,16.165349245218877
3,76.96054962921752,0.1830018558417487,1004.3001980752509,34.53857756757314,1,-9.209487346133967
7,85.73552751591582,2.5104391638335337,1006.4037369894008,75.4793775117265,0,17.70799190498392
9,34.691258648203934,13.354299372347276,1011.5799238697048,67.73244935016066,0,10.106767775838405
11,41.203128176984215,0.6717973568911574,1005.4114786896237,40.20011555531559,1,-2.5082280520747644
12,77.4288540322062,6.6798421305769295,1019.4039718491168,89.7512027304528,0,-11.490881256052084
10,36.72704179874735,18.36341884270382,1014.4897194932721,69.23617033569465,0,2.6671201917343494
8,78.57824932367899,0.26805161494720825,1002.0644285411176,77.24107670982228,1,14.152004823420263
6,56.77601241021912,5.731568848210151,1004.7752908715071,71.02372330750723,0,17.811718548189926
12,52.18629270994973,3.1570078545534037,1024.877191771664,58.219547976102504,0,-11.644511540864878
8,63.08142894407204,4.327694077601077,1028.3556237791543,37.46884156200676,0,17.762417663760335
12,39.819473216467514,0.4460216432169867,1018.387289760525,44.13694723091861,0,-8.376571758004559
5,72.36022245897527,0.21979575892172157,1010.8872474484969,41.12356121041541,1,12.982311026532624
8,85.34455496542046,5.496062251909462,1008.6003708759342,55.6994635686745,0,14.134521561774822
10,73.05864323721363,8.666776336775472,1018.49699418311,75.77066575593487,0,4.221094082484071
12,56.30236961168789,7.616652811982459,1013.7592053425949,69.56641482627302,0,-9.454071933777016
4,36.929464383518386,3.924182624069989,996.8992855258563,18.20650965555711,1,1.4869836095156552
10,37.506188156956,0.5260627504495665,1023.3186798253483,76.91841146673791,0,3.7530174031909374
8,40.05535046641039,5.82447274755857,1026.4580326736286,38.533170987031745,0,20.09316524910946
10,59.81582584331524,1.3846265623302245,1020.3725253294319,14.005813415699478,0,7.74667613600775
12,61.70100094908907,12.09945574278294,1002.0838880537179,49.35213836056362,0,-12.356265710129717
2,73.02665266111494,9.108991543307372,1006.6317355027666,26.719990035146512,0,-6.012034958308359
12,33.059565202753866,6.17874458325155,994.4228013864229,60.567289938846,0,-7.373711373468186
12,79.668153455886,14.864568624124644,1028.9604849139555,28.21943045722042,0,-9.342803757979606
5,70.41609478418057,0.1596303909306421,1009.4326143674098,28.571131428613782,0,10.737800253311931
9,55.097455604067974,6.662828249997731,1036.3328932164977,45.45132094272395,1,8.67046604483926
4,42.1535768740185,2.004199947414407,1032.5523003090777,23.617756646445105,0,7.223711001756995
11,78.73710962536678,11.825808270112784,1003.9657358363106,49.53486004602471,0,-5.733704559389113
6,55.49859058143924,1.550832800916386,1005.9173226059698,38.45188928745284,0,13.051799747826855
1,59.69971650983357,6.4523124837198145,1017.6619034234712,59.875436211864255,1,-13.546514151046706
9,65.75417956181899,10.50422565090579,995.4545789613373,16.85446213323569,1,6.027324159652999
1,46.30201641327583,0.21274669000677032,1008.6174088262144,11.371269731912864,0,-9.75252151032787
5,55.76729131462127,2.5345629450115963,1007.6184099879328,60.17566688333969,1,7.701349053516745
4,72.9797535303057,7.183919514530101,1031.5116594194672,59.95109659703706,0,5.010573248444651
12,71.46144117744413,3.034103344004441,1014.6101788550445,21.368610240629703,0,-4.950825458871809
3,71.59660810042857,1.5547714416729357,1010.152330224628,80.93408700840838,0,-3.0787260445992093
6,42.672303732893525,1.2410591882041793,1006.685152673147,20.307167975505244,1,17.665498535808585
2,56.45129473906289,0.7050436312054171,1021.940495973248,73.45836606727798,0,-8.279837862476915
3,54.054092474282925,9.729085361905286,1008.0328917606959,10.233559936915036,1,-2.092476659384383
5,66.37768263412053,4.282513514243702,1012.4971702563751,69.35046335298632,0,7.287299273102725
9,65.03486984473346,0.397299506394625,1006.6087647752804,75.48960961500745,0,9.88172924157227
2,62.33140996114405,2.4110314879893324,997.824628679846,3.8995943055856594,0,-4.394553449602213
10,96.98600933129893,2.292222675080369,1003.0396487229733,33.352522259357606,1,4.315428312374653
8,55.63790879783944,1.0028707771692775,1007.9802829263531,43.40515075511549,0,19.985593880286945
2,53.88265370897184,2.859142019244608,1010.3674516973637,43.65148789278923,0,-9.603178948498634
11,42.64875494495916,2.0180793354924247,1010.805760740765,10.912669762524786,0,1.659549040109387
5,36.93229011106694,2.0912603611233225,1012.1108029948124,62.39143594664751,1,14.104039666484015
7,41.69523934176337,6.716683154067919,1008.1131236984899,59.698719435966865,0,21.31517788005782
8,49.219771118350806,1.2632698178225445,1026.491263481684,12.154597113852926,0,14.65425606787399
1,79.65109641656778,5.1341559634464105,1022.4798411985698,71.3962954277552,0,-12.09168208248977
6,60.58745856542788,4.227409829221554,1011.6489073280916,13.042731654197285,1,17.921746195046758
1,62.899960004291,4.197719313007156,1015.54258279741,58.68298086195117,1,-13.827117605267246
2,58.55590037696855,5.438470737538269,1009.2791175854704,43.12473547019683,1,-9.851840790742797
1,65.47951489532683,3.9745933468295163,984.5651470794822,25.115460611714923,0,-10.28057949678568
11,81.03108220826765,10.57037673161446,1013.2049301292602,84.57691673072499,0,-7.930222353016723
5,30.09103745597946,5.628582948949489,1016.0561436125122,91.72072436426092,1,13.078168568739931
10,78.27505973378071,3.958910169944559,996.8733824195978,93.30393764041932,0,3.248016542222053
9,22.2744232119749,8.852822008770719,1017.994110691946,66.23257967555634,0,10.316895541208117
6,60.42304067282891,4.658882155537125,1010.194233220552,31.489104953630193,0,15.39569471592013
11,92.87861032116624,1.720516127983137,1016.3793372063466,73.48364813062724,1,-8.482094140384413
11,70.20986909297316,1.1602587978186811,1010.4960135262992,58.31155097198998,0,-4.652958763413354
1,65.59588402980955,0.8263062880625729,1025.5095447422684,18.923102395641553,0,-8.969878869774934
1,90.0291895020446,11.485760022231918,1015.2622882058408,8.820184234847694,1,-13.137349326333212
2,49.45405652998284,6.1917073564160106,1023.0241645867201,72.77809170704322,0,-8.116277697826721
9,66.5095113369757,13.853228109558454,1023.8472614217494,15.069768375866849,0,9.234616557218954
3,68.67175646210839,4.62277147774754,1001.8044427391159,75.5196432177702,1,-4.05855884080332
1,52.16396798659461,3.206578529288686,1005.6098312997885,30.06860369834315,1,-8.548080211860627
5,53.48834730756029,0.3078692085735105,1017.5161068272625,5.015089147141954,1,12.003307247909083
7,51.8433085016499,5.568258299165192,1009.3446271624183,56.175257975755244,0,17.617891038319392
6,61.309724610128455,4.363866982472879,1010.613932307437,48.71062016440536,0,17.83908920776817
12,68.2003740865697,23.131404071410575,1025.8656482217061,23.99510427673167,1,-9.683694171986915
1,61.84845409371993,1.3666529324651449,1009.8963362180793,37.976140956607914,0,-11.559559379989956
5,70.64192726144783,3.782963286167888,1003.3107065175142,76.02623495238218,1,8.07198319483862
5,30.46279071039679,5.262805576530764,1004.661999983644,89.69310867961286,1,10.515134209708009
6,56.72623254385745,5.172432658343887,1034.823565011927,62.352303030437916,0,17.89587055578513
3,44.64871034474031,4.119623761571176,1011.2178051961477,44.742981665167,1,-7.834165810470402
5,64.52583769024348,7.501303679868153,999.3575224478209,78.8919311959001,1,11.29131438328112
7,64.30376143008485,1.146947643959007,995.305414046834,52.4597239152215,0,22.92010629867347
5,58.26566827563817,6.466337572041194,1006.7536335732589,54.98356242494812,0,10.919282246014772
5,67.65418515798106,4.8344288693397255,1011.0347788057262,62.380327721649785,0,16.731536147133504
5,74.96719077396041,11.320434347837987,1022.4917370642768,28.689444057624673,0,12.89244629457169
10,59.09219216540537,9.392945045763359,1021.5234516646177,51.50288083096316,0,5.800145790332227
10,44.22457667850447,1.8927555971484902,1012.9365357892716,71.4503230313306,0,7.643086019481754
3,36.28113643620779,1.6164586863029198,1008.4583141384041,16.859640046713487,1,0.2651280741756188
1,60.541652629951926,19.99153428630956,1016.3960185342169,31.6796912761977,1,-15.087519574294335
5,63.62800052270311,3.746103419449538,995.5125392386361,65.47702728215509,0,11.712897696471849
9,45.45714165720031,11.844744470146132,1032.8108089392922,11.79669912688829,0,10.220936735077949
1,70.88650234744549,0.8949217998567462,1019.5410559585661,55.14186541836153,0,-11.663130099525166
3,53.115646712631396,5.147561921749321,1021.6699021972827,77.39314058974419,1,-6.302282346190452
4,35.15350702243275,8.299978107170077,1002.2584661812339,39.612975243170766,0,5.739690546904081
1,78.84654513517783,14.724744256358115,1025.826486412966,53.0361554438168,0,-10.538298404597333
1,77.15981878803245,2.0574672682550954,1008.3998283897371,33.83917041779324,1,-16.39764571623347
8,29.76600845005353,6.454578553281447,1003.4744187718144,75.24891711261749,0,20.834077586948027
2,51.56099577519461,3.8697584896132584,1012.6082762939378,17.780242233301312,1,-10.891707293379131
12,50.976244778785855,0.3127234896448704,1012.3744491401162,26.917903685172657,1,-8.605803773879922
8,84.59232989126254,5.855910670563994,1002.21462927488,55.4344066143714,1,12.693461931238708
7,58.51060934937516,5.8574725410447135,1004.0506264645863,44.694662201831406,0,23.449676447906953
10,37.56182702916874,13.339832344103023,1003.2676822467195,52.048867290303406,0,3.08720697414566
10,73.23157173361318,3.438932336156948,1003.3628493214318,39.21180561568677,1,3.7099196444471376
2,41.53836681350879,1.308453441472666,1009.119020929004,38.77561334605159,0,-5.268105548145711
6,56.09489263917358,0.22793656698704398,999.1101486382754,96.75789373687977,0,15.19509582629747
6,48.45346683178685,2.686208948716412,1006.0862550258606,24.551781043422842,0,19.238646689337177
3,51.5931735258009,1.7970842123857047,1023.4513454838427,60.679478588202244,0,-0.05983425987600732
11,74.05887134345909,7.158306382985477,1021.2330945210418,23.25744593157273,0,-5.243459733824036
2,82.81995241998249,2.1868517889249355,1002.5012075910724,7.723023565921529,0,-5.93253267538725
12,40.88446880430932,14.886633138778258,1022.5820491729423,48.09774729431288,0,-10.308664469627782
1,69.39114638261725,16.391829287187644,993.3356073086395,35.523347981444054,0,-10.093027716111296
6,49.00869555465006,4.849889581099484,1037.2914432201214,52.5598941430665,0,21.002336557898133
12,49.47492134963886,13.20151061128305,1026.0031319213558,17.762989503261718,0,-12.913061369358998
5,67.35954332134072,7.15341237752102,1007.402680878599,42.67971281080627,0,8.856625176314628
11,44.581458514294575,3.957766790843075,1016.8242656173511,79.63301684574651,0,-3.863121329062287
9,67.05903901162567,0.9941327012832567,998.9908067189087,68.36676362928488,0,15.108251307593912
1,70.95170034764602,3.0679655167465274,1013.6044278992581,71.94085619315908,0,-10.266560255175655
7,53.512016074514726,4.114849731681219,1011.1633696749753,70.50808734882692,0,16.93341603803141
5,79.906171530205,9.974089692723284,1004.652366106076,89.14640150600022,0,10.360274768528557
5,40.9076308190774,3.2824697310344852,1008.3144251367414,79.43280369169739,0,10.681382434149905
2,80.18109285917508,11.397990288807755,1007.3301252419058,83.25972645077977,0,-9.922364187417685
11,30.840188557723007,5.609644793993917,1001.6826328068237,57.779611080921946,1,-2.5930493805410864
3,100.0,0.7366975110704864,1004.4185275410333,30.03829559664737,0,-5.2130825497838496
7,53.90696642067251,26.472990782054858,998.5815557400028,29.126947944485686,1,14.292705102376987
6,42.565392654185736,3.7457594735254576,1021.5733076556062,85.48008168267009,0,19.826458448938485
12,56.50992137220002,2.4867367952738926,1003.6788725354373,38.27769206960173,1,-13.059207311554658
2,44.30283086063358,5.3810323875372035,1000.7797912842984,24.6153589185073,0,-6.173568056309458
6,65.80447948281814,0.5764556064212979,1021.41504679816,25.999100545635244,0,16.422793365241873
2,80.51485997205221,5.060411530509546,1016.6962035433933,40.24135019215828,0,-9.341746156601332
2,45.09815660914984,3.448126951740922,1021.0450105594896,60.90487476004408,0,-7.007436257848811
2,68.69098858761005,2.610057009838314,1022.1608322419665,74.25633339672302,0,-5.3315105869990855
11,37.00896946656361,15.290168752790903,1032.3745489693843,58.80391257342915,0,-4.612686142152963
3,75.49432099842919,3.6963714946145334,1011.4396023330681,42.32116679999064,0,-0.3213660810615968
2,66.24354550391394,1.2366528115673423,998.4239232100449,31.091852951304904,0,-8.872119320513802
4,76.1427498199548,3.071342483209882,1015.7103780076212,34.150563748624016,1,1.5098294137821855
9,58.16479646038342,12.590501854340264,1006.3099537712018,23.31659809530676,0,12.682079979526911
6,53.472651032178725,0.9685030952530839,1003.4249471668446,34.72162766584455,1,17.67642220960872
1,72.24176154086,1.2037191494458688,1013.9992517221724,52.21337959466869,0,-11.096056092870286
8,40.37927217662372,0.06557598599037061,1021.657527330096,45.76143648139877,0,18.70127971831807
12,33.85763502399637,0.07145845411824245,1004.6400515840371,19.22115033206165,0,-2.440400928595634
7,59.92557023939943,8.841922825835573,1025.7438808733173,48.69529471820168,0,17.94271612179537
10,54.156050897118114,6.586129456854641,1003.1038604099718,62.21236979728248,0,2.2648246202230635
3,68.3074999767232,2.1928430881310894,1010.5609677867453,61.72844755280645,0,-4.8667676472969195
1,76.37327136470995,5.991795573496972,1016.8630788178086,72.40534829192276,0,-10.926642436685514
5,67.99521118726709,2.5143362647888123,1009.1210079131595,81.07684170808102,1,13.755691680598165
4,75.17854967740118,15.27707127374782,995.2399766106146,66.39545839309481,0,0.5010296107792733
10,64.81578499998245,17.06422699990197,1022.274074917888,65.35436287355797,1,3.4975040161695112
8,67.41893622481648,2.4944340115494024,1006.7653565964397,37.51843944199657,1,16.09800559290754
1,58.25014185251594,9.628348599738121,1020.4489844939369,46.36220434955368,1,-13.93764709289804
10,66.97568191522772,7.415987963131931,1000.3585586497234,52.65922733542904,0,2.0205161752913874
1,62.4997924284527,1.8553179516772915,1002.0656341790359,61.59363397511027,0,-10.521202515090419
12,64.87765194793596,1.3200870386379235,1021.6243340955535,91.02955239829588,0,-10.913935596054984
4,57.499139503697414,3.064611527948628,1016.4050809274203,21.348484837165262,0,4.130802907540673
8,72.13393800706947,7.601388493324247,1008.6141428931533,88.00914408230777,0,12.006748742204636
5,49.343211752475725,16.115396325883392,1016.5503159817084,13.176330954287108,0,14.875697268235974
2,59.724764686438405,7.210707280980907,1003.4596086445564,77.98490662924439,0,-7.4387282359851845
6,79.67675850311363,9.662250196356018,1014.1025911748891,52.61756660469541,0,16.01671500594604
5,45.76917265618312,4.61990495846774,1014.2855392339006,49.358892949855,1,10.493050878955467
2,27.57231807371054,9.02142283426716,1009.2621839480897,29.026408926897407,0,-6.98047806960785
11,65.49685749446958,7.6721359430673175,1004.6471429440924,15.834334237177124,0,-4.171060807118849
11,56.14568264469751,2.3659277664151777,1013.702485782148,85.93040156675897,1,-7.640134448132773
11,75.16293360557759,4.01470199874742,1012.4501885669911,80.5579791093455,0,-3.0320019981867357
3,58.04227380154509,8.167452400470607,1008.3417792108039,42.68511846918482,0,-3.747438698647518
9,50.93491392655032,0.2357553955152104,1002.6618552981924,55.546535723183524,1,12.097941472967877
7,58.8627390627268,8.253364605847999,1013.1247704933547,38.477943315650045,0,15.924478489111092
7,76.39602879919816,0.9793939552843498,1008.3667763516339,37.530293091155734,0,19.320217845266527
11,68.63054440788562,3.614771324455506,1002.6534237956307,27.85527253425158,0,-4.5899277461004395
6,23.491466151779484,8.258477589857048,1013.4352981075812,1.1534173481770418,0,21.088915253299135
8,62.78651238130157,1.463949329613841,1029.083054720554,38.204996466804324,0,20.081010288517895
4,63.53643198602107,1.4105377902195482,1009.3317233409292,35.212327332994484,0,8.477465334274257
8,59.72625052199221,2.5772180049929636,1027.9777654124202,62.48150189430909,0,16.056665098698982
4,50.836651626471166,11.251993872294053,1034.1433171473009,80.88924815120068,0,0.10242667267085537
8,77.91797811759666,0.0022143974692731454,1003.4658109762232,72.16739696739751,1,14.28251392690197
9,78.66050922202292,11.582562992074205,1013.0904420819896,28.64892079349629,0,8.990559631011914
3,26.952593087612073,0.8350392106349807,1034.037319178163,42.34798892479723,1,-1.8433567955219017
3,48.030607833878335,23.06922656537496,1011.7892003859096,54.00276003537856,0,-8.91680709780026
11,57.8290402307142,15.488492009836524,1013.368121457654,74.80193616286135,1,-11.249361052103417
2,74.22762305575004,3.412769337679864,996.2999452562511,56.903615042808774,0,-9.45032002821409
10,60.52279314587649,3.594584405085694,1007.6833809968033,50.5829838103438,0,6.296798456241506
3,49.74609299752615,3.284552077426852,1018.5558868466894,81.60213286761459,0,-5.258310170505142
3,70.64300365961063,5.0453706611989215,1037.2928264295124,34.62849560273257,1,-3.8677091206797227
5,56.82995871673511,0.47552036752055893,1011.0399316652831,80.09805879666393,0,12.930333061507415
5,58.2389871126756,0.1658088597022021,996.3737367774864,7.772897626282267,0,17.747818381566326
2,59.592623498938856,0.2971734575314646,998.947508092267,4.874754080675639,0,-7.499149040359604
12,68.61462661257727,2.9382215183534295,1012.642103140617,51.542562863267264,1,-13.760819373370209
10,55.37175597489319,1.6116984405279189,1024.7720679805225,64.29598279128929,0,5.941835190230847
6,70.30419738970834,4.864828755985812,1019.3735368287539,84.21778280402489,0,16.407950291077697
5,58.90396547389391,24.425934810019356,1017.6025586351012,20.652505988950796,0,9.362984426319919
6,43.99475120373186,2.4414341495810223,1026.091443869176,36.104111622352065,0,16.861749032101137
1,59.448355414568276,4.26471679589877,1005.7977091248105,54.6574621267511,1,-10.770737961555584
5,44.771798952821776,2.685881328179585,1013.1909471995757,35.61370097229447,1,10.3851521994125
9,60.614801846639125,9.395472709359113,1007.796178797976,79.47112553955152,0,10.714228981003425
12,72.44210893847199,11.62601497387005,1010.2854426454793,49.19073442034337,0,-11.278256607485957
10,43.89556490996828,10.492331336074916,1002.9373064567452,22.97743749534706,1,3.9274494138599603
2,65.46410108706658,18.320395442354467,1009.5602392856621,85.55196897461505,0,-14.815689957172475
1,47.56443812470188,0.13952465667470498,1012.722844337546,83.32872345311301,1,-10.901088813422358
10,63.02550839874821,9.157165683688937,1009.2852850013845,12.856188514784572,0,6.021078606901461
11,72.90306363030726,6.967041487119544,1011.389384969862,53.33009007836418,0,-3.8742955641220456
9,28.057303888349377,1.2983531389340206,1017.0504054343719,53.033042621410296,0,17.453258240869374
10,43.28286259692982,15.6543354277031,1025.386957690644,65.71222661318457,0,2.9002044740292323
9,54.46530832335117,0.8018880495636255,1026.1115586811259,54.804190650781884,1,12.547507600847087
9,64.72560733772423,5.690143968225767,1020.61421767397,89.84128269274058,0,10.463001600805121
6,57.50425005962514,1.2737530196980558,1000.4001852156168,46.435485738777444,1,18.378147401379497
8,59.311788270286215,2.822720236175453,1009.3959001443014,67.12240075878196,0,14.452048939044841
11,90.64476788026884,6.34984899939454,1010.257149692874,24.18837411636779,1,-5.907112816490693
1,41.81314081726158,4.142826239560059,1006.4285016921143,50.423617473801684,0,-11.55437157242815
10,77.03227524544155,2.7887287119262725,1016.4235117902961,57.114069146909266,1,2.0896025763530397
4,54.750328092683745,1.9751370861015647,997.0567150671855,50.67915406461472,0,6.434332674883494
1,68.242121887481,9.152282855562488,1029.9356646952829,64.13033389814967,1,-12.890190750244985
8,91.934198336184,0.776340229411082,1024.9522067152172,71.27480605991278,0,16.8409346307846
1,70.33017035528138,2.8114970979147214,1017.7820226190175,47.890047901474674,0,-11.284855756325886
3,65.58743564685,11.704424883512006,1012.3789067007981,57.13615856971401,1,-8.329110626873904
4,83.98683502724063,9.349131042018074,1025.2883929507254,95.43954504117343,0,-3.8631691694986836
8,76.87197966889788,2.5619823050339634,1019.8940493678027,65.4811791409,0,16.669774406432936
6,48.00908885757847,7.200762363969796,1024.0663778421808,38.892562371640096,0,20.037393141718947
10,64.41787113680783,8.66257303775931,1012.4094791774016,29.59659708469418,0,4.387291272815279
12,34.237563987888606,10.986056967278975,1030.8931308586416,65.08495915501749,0,-9.379385423896581
7,51.89769917438623,3.9318611383673896,1024.6688787568985,59.87695747817527,0,19.875171091222803
8,64.7107945139979,1.1436763170288766,1018.0953629543593,59.248168592312936,0,16.871334950918147
2,50.96841970828112,1.4739300723727036,1025.5597292043115,56.48330733757594,0,-7.389346089187574
10,64.10050118957886,1.7527165760001044,1008.8083805816602,38.82152173006473,0,4.553691039160708
11,59.79923076520441,4.5045786860723105,1001.3249964065297,13.797005118707936,1,-5.36905015520968
8,68.04625098592564,0.1667996511811951,1016.2155051304748,93.22038883234116,0,16.543189620370494
3,53.637014669578335,5.053590453122996,1012.4290955418653,74.82925635562985,0,-3.6202343068390532
7,45.8977662834493,2.2655692473649585,1011.0228265772237,27.35223618786505,0,25.221314393426695
3,82.17190239259892,1.7495025862827305,1025.163120393494,30.974064567149334,0,-4.742359967775074
7,52.564548859650834,10.5803853388431,1014.6713921321063,38.27045025202097,0,18.755270731010075
11,69.90015889675678,3.0809528784719795,1015.6356907353548,90.56208013304501,0,-4.894105391953726
12,81.52870539708805,0.4993947542417449,1009.729474412459,31.145095075989985,0,-8.931003283159091
2,62.44004998496298,8.765004930574845,1021.8112313927952,70.84285408844812,0,-9.140684314425743
10,47.155401458352756,0.24406742374843277,1020.0187578130792,17.268160516203544,0,11.410922506233423
6,57.32085038178983,6.486826563274254,1021.736596768943,19.54868744531074,1,15.424126272942841
3,75.2631137491013,7.434027089297597,1008.0273603336382,53.62846738645485,0,-3.227573350341916
3,63.093713186067944,2.173974813601517,1026.04088460047,17.592741354625634,0,-5.702824536566293
9,41.92287311693585,8.70878894699481,1031.3876842376637,51.59799643881706,0,10.959345916868402
7,68.94965750300568,3.6248345642147974,1021.4203839732471,69.92083114618092,1,19.671999877380784
5,71.54297203576498,3.111520872020088,1004.9071171275571,61.14307057513574,1,9.518151977106553
12,54.67032170823099,0.23233155974462616,1004.977977157638,80.72446305454272,1,-9.026976858897509
10,69.15366563407119,1.7126571380374844,1009.2462304440692,56.63181832428113,0,3.33040385982075
7,63.67527893190701,13.368966452054353,1007.3562278598148,38.40569944155686,0,18.61826160626371
9,57.03855692036941,2.4864545242484013,1012.2890737431273,68.40935179087239,0,15.378271714115298
1,40.59696384609505,3.9560113470371046,1019.3244246636784,24.216370175315056,1,-12.9941959847834
7,76.16930842658637,3.7966665337666923,1015.8995244074985,48.58067335685325,1,21.289875593413356
6,71.38816499879749,4.463250555125219,1015.0228905638629,54.49997052294411,0,13.760977405047996
10,68.75829441562969,0.31646158662520857,1010.5879725019986,56.188907193468495,0,3.890362609078432
12,83.1678900551714,2.248466476222907,1012.2615407283545,27.357367141888755,0,-10.07625505315265
9,74.1779059052039,6.421004813295809,1020.96575507529,18.231858677523817,0,11.255710916714651
1,70.29849009227344,1.1192205524486192,992.8804197250018,25.892426358088628,0,-10.81095555099424
4,26.801589779597535,1.138132784587567,1012.8860959152126,29.892141158728375,0,5.688368474050609
9,77.95342427703623,0.050709309749963065,1015.8798759492732,11.931996882271577,0,10.803136287721347
4,61.24620771423076,2.8766600747272033,1020.835830685473,85.1125950634345,0,4.9403703908429675
10,64.68737520385707,10.716568333275976,1002.8995406071617,41.18109657737064,0,3.1129778718064367
3,64.78999784540079,0.2664814614949919,1002.3709031754688,42.758157741389,0,-2.8619798197190995
9,71.60749115463419,1.0605155438972027,1018.8395499487814,75.37906164776807,0,11.89387330624451
2,76.83262543202528,1.8559310411713263,993.9554775974308,51.56405752446993,0,-11.358500836465941
4,69.51361714588833,6.578708616038416,1026.3218911076078,38.956995396024695,1,2.3861748233976945
6,67.12928383979838,5.117091717447627,1015.2659199149281,12.437476251692846,1,16.0045170333953
2,63.472691089433575,2.688791234842936,1028.5872121284344,57.635706874548156,0,-8.868664967070435
8,10.0,7.116222207135143,1002.1292762343048,30.776783692253623,0,21.399581081699733
8,55.686134708247174,4.7033143159747315,1008.6364053128176,56.45269828772682,0,20.946150420858103
1,45.876157239740316,11.318783806043013,988.9213167307312,58.77223281759708,0,-10.193208458428437
12,78.16109308408627,8.51947787998248,1005.0431023700472,46.510282634301106,1,-12.23825082900693
3,69.2855579742944,1.4572030083372645,1011.1615311927812,51.638730945822445,1,-7.133399827764341
10,53.127945191793984,1.5834167171353566,993.3729241999156,82.21893405987029,0,0.17125703992125807
9,54.63424226596133,0.6696943827020077,1009.053731878016,56.494758587019476,1,11.27419994931636
5,54.09027955046368,2.054635430827455,993.1265982313976,32.857769118488406,1,9.277027217766982
6,53.822607685216205,30.0,1010.4253981508857,63.577646347491566,1,5.362886410559017
4,38.33163834712804,2.6022856964076126,1024.4711192710824,61.89045643812915,0,4.7750840185980366
10,35.08080760083348,1.2454387688096102,1012.6502024988588,55.446715900937605,0,6.819429810714858
2,60.43570158572616,7.187577963689662,1029.582073726118,23.803808786399735,0,-7.006829833833293
11,76.12971209039031,3.909575079327597,1020.8629256339461,43.935777662880845,0,-1.4412310357413403
8,51.93465453858206,0.8102507823977465,1026.4814784860698,60.328585714635665,0,19.903535359387558
11,64.55167126386068,2.395744045379787,1005.3505475912172,9.191763866877126,1,-1.5243461808915164
6,71.01391375765088,2.67618686590914,1005.108583716074,92.02573196271445,0,13.365364337321985
5,45.09932691624215,7.008658542260479,1016.4561341638537,65.65185949687277,1,9.50543220273902
9,59.70036856920145,0.10444006191632722,997.2229790836714,58.33049922085623,0,14.219390134046778
1,50.002192780897275,1.5668434809930842,1017.7114374976209,28.818860036288513,0,-8.679523655993952
5,84.0917923774694,3.6448698317108708,1009.7608018345308,58.56367981211934,1,8.564011430565156
6,83.43689260293172,1.5656609327977482,1026.2999683754665,52.347418195007776,0,16.725162366525495
5,45.114857401877245,4.950144500401609,1019.7951225407941,68.17805268341058,0,12.564052194925914
6,65.78826574626488,3.2876211896288594,1023.9670643034012,36.10700980692649,1,15.587104540380421
6,76.01398951218735,2.244814763711533,1005.4579391860495,13.015064381736444,1,14.808549198423687
7,72.72494250564495,14.900143795522357,1023.4821026876173,21.015727863769666,0,14.137962011672597
